title,category_id,content,image,reviewer,headline
"Jangan Dulu Resign, Ini Cara Menghadapi Rekan Kerja yang Toxic",1,"<p><strong>Punya rekan kerja yang <em>toxic</em> memang menjengkelkan banget, ya? Ini bisa membuat <em>mood</em> berantakan hingga menurunkan produktivitas kerja. Agar tidak mengganggu pekerjaan, ada beberapa cara bijak <em>nih</em> yang bisa kamu coba untuk menghadapi rekan kerja yang <em>toxic</em>.</strong></p>
<p>Perlakuan <em>toxic</em> dari rekan kerja bisa berupa ucapan atau perbuatan, misalnya meremehkan, menghakimi, tidak menghargai, provokator, menyuruh-nyuruh, <em>bullying</em>, <a href=""\&quot;\\&quot;https://www.alodokter.com/mendapatkan-pelecehan-di-tempat-kerja-begini-cara-menghadapinya\\&quot;\&quot;"" target=""\&quot;\\&quot;_blank\\&quot;\&quot;"">pelecehan</a>, memanfaatkan, dan <a href=""\&quot;\\&quot;https://www.alodokter.com/deteksi-7-ciri-manipulasi-dan-ketahui-cara-menghadapinya\\&quot;\&quot;"" target=""\&quot;\\&quot;_blank\\&quot;\&quot;"">manipulatif</a>. Selain itu, membuat drama dan gosip juga termasuk ke dalam ciri rekan kerja yang beracun.</p>
<p>&nbsp;</p>
<p><strong>Cara Menghadapi Rekan Kerja yang <em>Toxic</em></strong></p>
<p>Bekerja dengan rekan yang <em>toxic</em> dapat menyebabkan <a href=""\&quot;\\&quot;https://www.alodokter.com/ciri-ciri-burnout-dan-cara-mengatasinya\\&quot;\&quot;"" target=""\&quot;\\&quot;_blank\\&quot;\&quot;""><em>burnout</em></a> yang bisa membuat hilangnya semangat bekerja, sulit berkonsentrasi, peforma kerja menurun, hingga akhirnya membenci pekerjaan yang sedang digeluti.</p>
<p>Jika tidak ditangani dengan baik, perlakuan <em>toxic</em> dari rekan kerja dapat memicu seseorang untuk melampiaskan rasa kesalnya pada kebiasaan yang tidak baik, seperti konsumsi minuman beralkohol dan obat-obatan terlarang. Bahkan, kondisi ini berisiko menimbulkan penyakit fisik dan mental, seperti <a href=""\&quot;\\&quot;https://www.alodokter.com/depresi\\&quot;\&quot;"" target=""\&quot;\\&quot;_blank\\&quot;\&quot;"">depresi</a>.</p>
<p><em>Nah</em>, agar kamu terhindar dari dampak buruk akibat memiliki rekan kerja yang <em>toxic</em>, berikut ini adalah beberapa cara yang bisa kamu lakukan untuk menghadapinya:</p>
<p><strong>1. Tetapkan batasan</strong></p>
<p>Memang agak sulit ya untuk membuat batasan dengan orang di lingkungan yang sama. Tetapi, ini penting dilakukan supaya kamu tidak terlalu dekat dengannya dan terhindar dari perlakukan <em>toxic</em>-nya.</p>
<p>Sebisa mungkin tidak melibatkan diri terlalu dalam di pertemanan mereka. Urusanmu dengannya cukup terkait pekerjaan saja, ya.</p>
<p>&nbsp;</p>
<p><strong>2. Kontrol reaksimu</strong></p>
<p>Apa yang dibicarakan atau dilakukan orang yang <em>toxic</em> bisa membuatmu merasa tidak nyaman bahkan kesal. Tetapi, tahan dulu, ya. Jika kamu terbawa emosi, itu hanya akan membuat situasi menjadi sulit bagi dirimu sendiri.</p>
<p>Menghadapi rekan kerja yang <em>toxic</em> tidak melulu harus dengan emosi, <em>kok</em>. Ucapan dan tindakan mereka memang tidak bisa dikontrol, tapi kamu masih bisa <a href=""\&quot;\\&quot;https://www.alodokter.com/cara-mengendalikan-emosi-agar-tidak-merugikan-diri-sendiri\\&quot;\&quot;"" target=""\&quot;\\&quot;_blank\\&quot;\&quot;"">mengontrol emosimu</a>. Kamu juga bisa menyiapkan beberapa argumen yang bisa membuat mereka &ldquo;sekakmat&rdquo; jika sewaktu-waktu kamu &ldquo;diserang&rdquo;.</p>
<p>&nbsp;</p>
<p><strong>3. Katakan jika merasa keberatan</strong></p>
<p>Terkadang, seseorang tidak sadar kalau ucapan atau tindakannya sudah menyakiti dan cenderung <em>toxic</em>. <em>Nah</em>, jika kamu menjadi korbannya, tunjukkan bahwa kamu merasa keberatan dengan mengatakannya secara tenang dan sopan namun tegas. Ini dilakukan agar mereka tahu kalau perlakuannya sudah melebihi batas.</p>
<p>&nbsp;</p>
<p><strong>4. Libatkan pihak ketiga</strong></p>
<p>Jika perlakuan orang-orang <em>toxic</em> ini sudah merugikan dan menggangu kinerjamu, sebaiknya laporkan pada atasan kerja atau pihak yang berwenang dalam menangani keluhan karyawan. Dengan begitu, mereka akan ditindak sesuai dengan aturan yang berlaku.</p>
<p>&nbsp;</p>
<p><strong>5. Fokus pada diri sendiri</strong></p>
<p>Cobalah untuk tidak terlalu ambil pusing pada apa yang mereka lakukan. Lebih baik, alihkan pikiranmu untuk fokus pada dirimu saja, ya. Selesaikan apa yang menjadi tanggung jawabmu sebelum kamu terlibat urusan dengan orang lain.</p>
<p>Kamu juga bisa mencoba teknik relaksasi, seperti <a href=""\&quot;\\&quot;https://www.alodokter.com/sering-sakit-dan-stres-coba-meditasi\\&quot;\&quot;"" target=""\&quot;\\&quot;_blank\\&quot;\&quot;"">meditasi</a> atau yoga, untuk mencegah stres kerja serta menumbuhkan rasa ketenangan dan kedamaian diri.</p>
<p>Jika kamu memiliki rekan kerja yang <em>toxic</em>, jangan merasa rendah diri atau bahkan langsung <em>resign</em>, ya. Di mana pun kamu bekerja, kemungkinan mendapatkan rekan kerja yang <em>toxic</em> itu pasti ada. Yang paling penting adalah kamu bisa menghadapinya dengan baik supaya terhindar dari <a href=""\&quot;\\&quot;https://www.alodokter.com/tips-mengatas-stres-kerja\\&quot;\&quot;"" target=""\&quot;\\&quot;_blank\\&quot;\&quot;"">stres kerja</a> dan dampak buruk lainnya.</p>
<p>Akan tetapi, jika segala upaya telah kamu lakukan namun tidak membuahkan hasil dan justru membuatmu menjadi stres berat, mungkin <em>resign</em> adalah solusi terbaik. Bagaimanapun kamu harus berada di tempat yang bisa menghargai dan menyayangimu.</p>
<p>Bila perlu, kamu bisa melakukan konsultasi dengan <a href=""\&quot;\\&quot;https://www.alodokter.com/cari-dokter/psikolog\\&quot;\&quot;"" target=""\&quot;\\&quot;_blank\\&quot;\&quot;"">psikolog</a> atau <a href=""\&quot;\\&quot;https://www.alodokter.com/cari-dokter/dokter-jiwa\\&quot;\&quot;"" target=""\&quot;\\&quot;_blank\\&quot;\&quot;"">psikiater</a> untuk mendapatkan saran terbaik agar bisa keluar dari permasalahanmu.</p>",https://res.cloudinary.com/dk0z4ums3/image/upload/v1638880981/attached_image/jangan-dulu-resign-ini-cara-menghadapi-rekan-kerja-yang-toxic-0-alodokter.jpg,1,1
Ingin Kulit Wajah Tampak Awet Muda? Kenali Dulu Risiko dan Manfaat Facelift,1,"<p><strong>Manfaat&nbsp;<em>facelift</em>&nbsp;untuk mengencangkan kulit wajah memang sudah umum diketahui. Selain itu,&nbsp;<em>facelift</em>&nbsp;juga bisa dilakukan untuk mengatasi masalah lainnya pada kulit akibat penuaan. Meski demikian, prosedur ini memiliki beberapa risiko yang perlu dipertimbangkan.</strong></p>\n<p>Seiring pertambahan usia, rasa percaya diri dapat menurun karena kulit wajah yang tak lagi kencang.&nbsp;<em>Facelift</em>&nbsp;atau&nbsp;<em>rhytidectomy&nbsp;</em>kerap digunakan sebagai salah satu cara agar kulit wajah tampak&nbsp;<a href=\""https://www.alodokter.com/cara-awet-muda-yang-selama-ini-tidak-disadari\"" target=\""_blank\"" rel=\""noopener\"">awet muda</a>. Tak hanya itu, prosedur ini kini juga dapat dilakukan untuk mereposisi otot, kulit, dan lemak.</p>\n<p>&nbsp;</p>\n<p><strong>Manfaat&nbsp;<em>Facelift</em>&nbsp;terhadap Penuaan Wajah</strong></p>\n<p><em>Facelift</em>&nbsp;umumnya dilakukan pada pasien yang telah berusia 40&ndash;70 tahun. Namun, tidak menutup kemungkinan dapat dilakukan pada pasien yang lebih tua. Hasil terbaik&nbsp;<em>facelift</em>&nbsp;dapat diperoleh jika pasien masih memiliki elastisitas kulit, meski sudah mengalami&nbsp;<a href=\""https://www.alodokter.com/lima-kebiasaan-yang-memicu-penuaan-dini-kulit\"" target=\""_blank\"" rel=\""noopener\"">penuaan</a>.</p>\n<p>Prosedur&nbsp;<em>facelift</em>&nbsp;dapat mengurangi kendur atau lipatan kulit di pipi dan garis rahang, serta perubahan lain yang terjadi seiring bertambahnya usia.</p>\n<p>Hasil dari prosedur&nbsp;<em>facelift&nbsp;</em>ini dapat bertahan sekitar 5&ndash;10 tahun. Meski begitu, bukan berarti proses penuaan terhenti sama sekali. Prosedur ini juga tidak dapat mengurangi kerutan halus atau kerusakan kulit akibat paparan sinar matahari.</p>\n<p>Beberapa prosedur lain yang kerap dilakukan bersamaan dengan&nbsp;<em>facelift</em>&nbsp;adalah&nbsp;<em>necklift</em>&nbsp;untuk leher,&nbsp;<em>browlift</em>&nbsp;untuk dahi, dan&nbsp;<a href=\""https://www.alodokter.com/operasi-kelopak-mata-untuk-mempercantik-diri\"" target=\""_blank\"" rel=\""noopener\"">operasi kelopak mata</a>. Implan wajah dan penyuntikan&nbsp;<em><a href=\""https://www.alodokter.com/kembali-muda-berkat-suntikan-filler\"" target=\""_blank\"" rel=\""noopener\"">filler</a></em>&nbsp;atau lemak juga bisa dilakukan sebagai rangkaian prosedur tambahan dalam operasi&nbsp;<em>facelift</em>.</p>\n<p>&nbsp;</p>\n<p><strong>Persiapan Sebelum Menjalani&nbsp;<em>Facelift</em></strong></p>\n<p>Sebelum melakukan prosedur&nbsp;<em>facelift</em>, Anda diharuskan berkonsultasi ke dokter bedah plastik untuk menyampaikan tujuan dan perubahan apa yang diinginkan. Dokter nantinya akan menanyakan kondisi kesehatan Anda, termasuk obat-obatan yang dikonsumsi dan prosedur bedah yang pernah dilakukan.</p>\n<p>Selanjutnya, dokter akan memeriksa kondisi kulit dan struktur wajah serta leher. Pemeriksaan ini bertujuan untuk melihat apakah ada&nbsp;<a href=\""https://www.alodokter.com/10-cara-menghilangkan-bekas-luka-di-wajah\"" target=\""_blank\"" rel=\""noopener\"">bekas luka</a>, kondisi kulit yang tidak normal, atau asimetri pada wajah.</p>\n<p>Anda akan diminta untuk menghentikan konsumsi&nbsp;<a href=\""https://www.alodokter.com/aspirin\"" target=\""_blank\"" rel=\""noopener\"">aspirin</a>, obat antiradang, atau suplemen herba karena dapat meningkatkan risiko perdarahan. Dokter juga akan memberikan antibiotik sebelum&nbsp;<em>facelift</em>&nbsp;dilakukan untuk mengurangi risiko terjadinya infeksi.</p>\n<p>&nbsp;</p>\n<p><strong>Proses Operasi&nbsp;<em>Facelift</em>&nbsp;dan Pemulihannya</strong></p>\n<p>Operasi&nbsp;<em>facelift</em>&nbsp;diawali dengan pemberian obat bius dan pembentukan sayatan yang dimulai dari garis rambut di pelipis, sekitar telinga, dan berakhir di kulit kepala bagian bawah.</p>\n<p>Selanjutnya, kulit dan jaringan lemak akan diangkat dari otot dan jaringan ikat. Otot dan jaringan ikat ini juga dapat dikencangkan dengan cara menjahitnya.</p>\n<p>Setelah itu, kulit akan ditarik ke arah belakang hingga posisi yang diinginkan dan kelebihan kulit akan dibuang. Setelah selesai, sayatan akan dijahit kembali dan diperban. Prosedur&nbsp;<em>facelift</em>&nbsp;biasanya berlangsung selama 2&ndash;6 jam, tergantung kondisi Anda secara keseluruhan.</p>\n<p>Pada 2&ndash;3 minggu pertama setelah operasi, wajah Anda akan mengalami memar dan bengkak. Jika luka bekas operasi sudah menutup, dokter akan melepas jahitan saat jadwal kontrol rutin. Namun, perlu diingat bahwa proses pemulihan setelah&nbsp;<em>facelift&nbsp;</em>tidaklah sama untuk setiap orang.</p>\n<p>&nbsp;</p>\n<p><strong>Beberapa Risiko dan Komplikasi&nbsp;<em>Facelift</em></strong></p>\n<p>Ada beberapa risiko dan komplikasi yang dapat terjadi setelah prosedur&nbsp;<em>facelift</em>, di antaranya:</p>\n<ul>\n<li>Memar</li>\n<li>Perdarahan</li>\n<li>Infeksi</li>\n<li>Pelebaran atau penebalan&nbsp;<a href=\""https://www.alodokter.com/10-cara-menghilangkan-bekas-luka-di-wajah\"" target=\""_blank\"" rel=\""noopener\"">bekas luka</a>&nbsp;setelah operasi</li>\n</ul>\n<p>Selain itu,&nbsp;<em>facelift</em>&nbsp;juga bisa menyebabkan kerontokan rambut di sekitar lokasi sayatan, asimetri antara dua sisi wajah, dan terjadinya kerusakan saraf sementara, yang ditandai dengan gangguan fungsi otot atau kebas.</p>\n<p>Selain itu, ada beberapa golongan yang berisiko tinggi mengalami efek samping dan komplikasi saat dan setelah menjalani prosedur&nbsp;<em>facelift</em>, di antaranya:</p>\n<ul>\n<li>Penderita diabetes dan hipertensi</li>\n<li>Perokok</li>\n<li>Orang dengan riwayat kenaikan dan penurunan berat badan yang berulang</li>\n<li>Orang dengan riwayat atau risiko tinggi perdarahan abnormal</li>\n</ul>\n<p>Golongan ini berisiko tinggi mengalami perdarahan, penyembuhan luka yang lebih lama,&nbsp;<a href=\""https://www.alodokter.com/hematoma\"" target=\""_blank\"" rel=\""noopener\"">hematoma</a>, hingga komplikasi jantung.</p>\n<p>Anda juga harus mewaspadai beberapa gejala yang dapat muncul setelah melakukan prosedur&nbsp;<em>facelift</em>, seperti:</p>\n<ul>\n<li>Perdarahan dan muncul nanah pada luka bekas operasi</li>\n<li>Demam</li>\n<li>Jahitan pada luka operasi lepas sebelum waktunya</li>\n<li>Bengkak, kemerahan, dan nyeri hebat pada area sekitar operasi</li>\n</ul>\n<p>Jika merasakan gejala seperti yang telah disebutkan di atas, segeralah berkonsultasi ke dokter untuk mendapatkan pengobatan lebih lanjut.</p>\n<p>&nbsp;</p>\n<p><strong>Pilihan Alternatif&nbsp;<em>Facelift</em>&nbsp;untuk Meremajakan Kulit Wajah</strong></p>\n<p>Selain prosedur facelift, Anda juga bisa memiliki kulit wajah kencang dan bebas kerut dengan mencoba beberapa perawatan alternatif lain, seperti:</p>\n<ul>\n<li><em>Thread-lift</em>, yaitu teknik menarik kulit dari dagu ke pelipis menggunakan alat sejenis jarum dan benang khusus</li>\n<li><a href=\""https://www.alodokter.com/botox-racun-yang-aman\"" target=\""_blank\"" rel=\""noopener\"">Suntik botox</a>, yaitu metode untuk memudarkan garis halus, keriput, atau kerutan, dengan melemahkan otot atau memblokir saraf tertentu</li>\n<li><em>Thermage basics</em>, yaitu teknik yang menggunakan frekuensi gelombang radio untuk memanaskan kulit dan memicu&nbsp;<a href=\""https://www.alodokter.com/menjaga-produksi-kolagen-demi-awet-muda\"" target=\""_blank\"" rel=\""noopener\"">produksi kolagen</a>&nbsp;agar kulit menjadi kencang</li>\n<li><em>Non-ablative laser basics</em>, yaitu teknik untuk membantu kulit memproduksi kolagen, mengurangi garis-garis halus, dan menyamarkan bintik hitam</li>\n</ul>\n<p>Pertimbangkan terlebih dahulu mengenai risiko dan manfaat&nbsp;<em>facelift</em>&nbsp;jika Anda berminat menjalaninya. Anda bisa berkonsultasi dengan&nbsp;<a href=\""https://www.alodokter.com/cari-dokter/dokter-bedah-plastik\"" target=\""_blank\"" rel=\""noopener\"">dokter</a>&nbsp;untuk mendapatkan informasi lebih lanjut mengenai prosedur ini, juga tentang alternatif perawatan lainnya yang sesuai dengan masalah dan kondisi kulit Anda.</p>",https://res.cloudinary.com/dk0z4ums3/image/upload/v1617594331/attached_image/facelift-benar-benar-bisa-membuat-awet-muda-0-alodokter.jpg,1,1
"Jangan Asal Pilih, Inilah Obat Demam untuk Ibu Hamil yang Tepat",2,"<p><strong>Obat demam untuk ibu hamil memang mudah didapatkan di apotik. Meski demikian, Anda tetap harus berhati-hati menggunakannya. Sebab, segala sesuatu yang dikonsumsi ibu hamil akan berdampak pada kondisi janin.<br /></strong></p>\n<p>Umumnya, ibu hamil memiliki sistem kekebalan tubuh yang lebih lemah dibandingkan dengan wanita yang tidak mengandung. Kondisi ini merupakan hal normal agar tubuh ibu hamil tidak menolak hadirnya janin di dalam rahim.</p>\n<p>Namun, akibatnya&nbsp;<a href=\""https://www.alodokter.com/ketahui-perbedaan-infeksi-virus-dan-bakteri-di-sini\"" target=\""_blank\"" rel=\""noopener\"">infeksi virus dan bakteri</a>&nbsp;akan lebih mudah menyerang tubuh ibu hamil. Infeksi inilah yang biasanya menimbulkan&nbsp;<a href=\""https://www.alodokter.com/demam-saat-hamil-dan-cara-mengatasinya-secara-alami\"" target=\""_blank\"" rel=\""noopener\"">demam saat hamil</a>.</p>\n<p>&nbsp;</p>\n<p><strong>Obat Demam yang Boleh Dikonsumsi Ibu Hamil</strong></p>\n<p>Suhu tubuh normal berada pada kisaran 37&deg;C. Seseorang dikatakan mengalami demam jika suhu tubuhnya melebihi 38&deg;C. Ada beragam penyebab demam. Guna memastikannya, Anda dianjurkan untuk berkonsultasi kepada dokter.</p>\n<p>Saat demam, ada beberapa obat demam untuk ibu hamil yang boleh dikonsumsi, namun harus dengan anjuran serta pengawasan dokter. Obat-obatan itu adalah:</p>\n<p><strong>Paracetamol<br /></strong>Secara umum,&nbsp;<a href=\""https://www.alodokter.com/amankah-mengonsumsi-paracetamol-saat-hamil\"" target=\""_blank\"" rel=\""noopener\"">paracetamol</a>&nbsp;aman dikonsumsi oleh ibu hamil ketika sedang mengalami demam. Meski demikian, pemakaian paracetamol selama hamil tetap harus diperhatikan.</p>\n<p>Ibu hamil disarankan menggunakannya dalam dosis paling rendah dan dalam jangka waktu yang pendek.</p>\n<p>&nbsp;</p>\n<p><strong>Ibuprofen<br /></strong><a href=\""https://www.alodokter.com/kenali-beragam-obat-demam-untuk-menurunkan-suhu-tubuh/\"" target=\""_blank\"" rel=\""noopener\"">Obat demam</a>&nbsp;lain yang dapat dikonsumsi ibu hamil adalah&nbsp;<a href=\""https://www.alodokter.com/ibuprofen\"" target=\""_blank\"" rel=\""noopener\"">ibuprofen</a>. Akan tetapi, penggunaannya harus di bawah pengawasan dokter. Pasalnya, ibuprofen berpotensi meningkatkan risiko terjadinya&nbsp;<a href=\""https://www.alodokter.com/waspadai-tanda-tanda-keguguran\"" target=\""_blank\"" rel=\""noopener\"">keguguran</a>, berkurangnya&nbsp;<a href=\""https://www.alodokter.com/penyebab-air-ketuban-sedikit-pada-ibu-hamil-dan-penanganannya\"" target=\""_blank\"" rel=\""noopener\"">cairan ketuban</a>, serta masalah pada jantung bayi.</p>\n<p>Ibuprofen juga tidak disarankan dikonsumsi oleh ibu yang usia kandungannya 30 minggu atau lebih, kecuali atas resep dokter.</p>\n<p>&nbsp;</p>\n<p><strong>Cara Menurunkan Demam Tanpa Obat-obatan pada Ibu Hamil</strong></p>\n<p>Jangan khawatir apabila Anda tidak diperbolehkan mengonsumsi obat demam untuk ibu hamil oleh dokter. Anda tetap dapat menurunkan demam dengan mengikuti langkah-langkah berikut:</p>\n<ul>\n<li>Tetap berada di dalam ruangan yang sejuk atau di luar ruangan yang teduh untuk membantu menurunkan suhu tubuh</li>\n<li>Minum lebih banyak air putih agar tidak mengalami&nbsp;<a href=\""https://www.alodokter.com/ini-bahayanya-dehidrasi-selama-kehamilan\"" target=\""_blank\"" rel=\""noopener\"">dehidrasi</a>, sekaligus untuk membantu mendinginkan tubuh dari dalam</li>\n<li><a href=\""https://www.alodokter.com/9-manfaat-istirahat-dan-tidur-yang-cukup\"" target=\""_blank\"" rel=\""noopener\"">Istirahat yang cukup</a>&nbsp;dan hindari melakukan aktivitas yang berat</li>\n<li>Berbaringlah dan kompres dahi Anda dengan kain yang sudah dibasuh air</li>\n<li>Mandi dengan air hangat agar panas tubuh menguap dan demam cepat turun.</li>\n<li>Jangan mandi menggunakan air dingin karena dapat membuat Anda&nbsp;<a href=\""https://www.alodokter.com/penyebab-tubuh-menggigil-dan-cara-mengatasinya\"" target=\""_blank\"" rel=\""noopener\"">menggigil</a>, yang justru akan menaikkan suhu tubuh dengan cepat.</li>\n<li>Gunakan kipas angin untuk menyejukkan ruangan. Namun, hindari tubuh Anda terkena tiupan kipas angin secara langsung untuk mencegah kedinginan.</li>\n<li>Tidak menggunakan pakaian berlapis-lapis. Jika Anda merasa kedinginan, gunakan selimut yang tidak terlalu tebal. Lepas selimut jika tubuh Anda sudah merasa hangat.</li>\n</ul>\n<p>Mengonsumsi obat demam bukanlah satu-satunya cara untuk menurunkan suhu tubuh saat mengalami demam di masa kehamilan. Bagaimana pun keadaan Anda, tetaplah berhati-hati dalam mengonsumsi obat demi kesehatan bayi di dalam kandungan.</p>\n<p>Jangan lupa untuk selalu berkonsultasi ke&nbsp;<a href=\""https://www.alodokter.com/cari-dokter/dokter-kandungan\"" target=\""_blank\"" rel=\""noopener\"">dokter kandungan</a>&nbsp;terlebih dahulu apabila Anda membutuhkan obat-obatan guna mengatasi masalah kesehatan yang Anda alami.</p>",https://res.cloudinary.com/dk0z4ums3/image/upload/v1639379640/attached_image/jangan-sembarang-memilih-inilah-obat-demam-untuk-ibu-hamil-yang-tepat-0-alodokter.jpg,2,1
9 Cara Memilih PAUD yang Tepat untuk Anak,2,"<p><strong>Pendidikan Anak Usia Dini (PAUD) adalah langkah pertama dalam perjalanan akademis anak dan menjadi bekal pembelajaran menuju jenjang pendidikan selanjutnya. Oleh karena itu, para orang tua sebaiknya cermat dalam memilih PAUD yang tepat dalam rangka mendukung tumbuh kembang anak.</strong></p>\n<p>Menurut Kemendikbud, PAUD adalah suatu upaya untuk membina anak sejak lahir hingga usia 6 tahun. Pembinaaan dilakukan guna mendukung&nbsp;<a href=\""https://www.alodokter.com/peran-ibu-dalam-tumbuh-kembang-anak\"" target=\""_blank\"" rel=\""noopener\"">tumbuh kembang anak</a>&nbsp;agar siap memasuki pendidikan lebih lanjut.</p>\n<p>Selain mempelajari hal-hal dasar, seperti huruf dan angka, PAUD juga mengajarkan keterampilan sosial, misalnya&nbsp;<a href=\""https://www.alodokter.com/bagaimana-cara-melatih-anak-mandiri\"" target=\""_blank\"" rel=\""noopener\"">hidup mandiri</a>, saling berbagi, dan kemampuan berinteraksi.</p>\n<p>Umumnya, PAUD dikelompokkan dalam program kelompok bermain, yaitu program pendidikan untuk anak usia 3&ndash;6 tahun. Namun, ada juga PAUD yang menyediakan program untuk anak berusia kurang dari 3 tahun.</p>\n<p>&nbsp;</p>\n<p><strong>Tips Memilih PAUD yang Tepat</strong></p>\n<p>Ada beragam aspek yang perlu orang tua perhatikan saat memilih PAUD agar dapat mendukung perkembangan anak dengan baik dan anak pun nyaman di tempat ia belajar. Berikut ini adalah beberapa panduan dalam memilih PAUD yang tepat:</p>\n<p>&nbsp;</p>\n<p><strong>1. Cari informasi sebanyak mungkin</strong></p>\n<p>Pertama-tama, Anda perlu mencari informasi sebanyak mungkin tentang PAUD yang ada di lingkungan Anda. Misalnya, Anda bisa meminta rekomendasi PAUD dari teman atau keluarga.</p>\n<p>Selain itu, Anda juga bisa melakukan riset sendiri dengan mengunjungi situs&nbsp;<em>online</em>&nbsp;atau media sosial dari PAUD yang dituju. Dari sumber tersebut, Anda bisa mengetahui berbagai informasi, mulai dari program belajar, biaya, cara pendaftaran, jadwal harian, waktu sekolah, dan jarak lokasinya dari rumah Anda.</p>\n<p>Selain itu, fokuslah bertanya pada orang yang memiliki anak seusia anak Anda dan memiliki kepribadian yang mirip. Anda juga bisa berkonsultasi ke dokter anak mengenai pemilihan PAUD, terutama bila anak Anda memiliki beberapa masalah medis atau masalah&nbsp;<a href=\""https://www.alodokter.com/cara-menjaga-kesehatan-mental-anak-yang-perlu-dipahami-orang-tua\"" target=\""_blank\"" rel=\""noopener\"">kesehatan mental</a>.</p>\n<p>&nbsp;</p>\n<p><strong>2. Pastikan memiliki lisensi dan reputasi yang baik</strong></p>\n<p>Pastikan PAUD yang Anda pilih memiliki lisensi, sehingga dapat menjamin keselamatan dan kesehatan anak. Untuk memastikannya, Anda bisa menghubungi dinas pendidikan setempat.</p>\n<p>Sementara untuk mengecek reputasi PAUD, Anda bisa tanyakan ke orang tua lain yang sedang atau telah menyekolahkan anaknya di tempat tersebut atau lihat berbagai ulasan di media sosial.</p>\n<p>Jika Anda mendengar tidak banyak hal baik tentang sekolah tertentu, teruslah mencari pilihan lain hingga benar-benar mendapatkan PAUD yang terbaik.</p>\n<p>&nbsp;</p>\n<p><strong>3. Perhatikan kurikulum dan metode pengajaran</strong></p>\n<p>Setiap PAUD memiliki kurikulum dan metode pengajaran yang berbeda. Kurikulum yang baik umumnya memiliki jadwal harian yang mencakup variasi waktu, misalnya&nbsp;<a href=\""https://www.alodokter.com/mengajak-anak-aktif-bergerak\"" target=\""_blank\"" rel=\""noopener\"">aktivitas fisik</a>, jadwal untuk kegiatan kelompok dan individu, waktu luang untuk makan, belajar, bermain, olahraga, serta sesi seni dan kreativitas.</p>\n<p>Kurikulum yang dirancang dengan baik dapat merangsang perkembangan anak dan membuat segala aktivitas terasa menyenangkan. Selain itu, kurikulum juga harus selalu berubah menyesuaikan dengan kemampuan dan keterampilan setiap anak sekaligus memberi anak kesempatan untuk mencoba hal-hal baru.</p>\n<p>&nbsp;</p>\n<p><strong>4. Perhatikan fasilitas permainan yang dimiliki</strong></p>\n<p>Orang tua juga perlu memastikan keberadaan fasilitas di PAUD, seperti perpustakaan, ruang perawatan untuk siswa yang sakit, dan sarana untuk kegiatan yang disukai anak, misalnya&nbsp;<a href=\""https://www.alodokter.com/mau-ikut-olahraga-untuk-ibu-hamil-coba-menari\"" target=\""_blank\"" rel=\""noopener\"">menari</a>, bermain musik, berolahraga, atau membaca dongeng.</p>\n<p>Semua hal ini berperan dalam menjaga kesehatan serta mendorong kemampuan dan kreativitas anak.</p>\n<p>&nbsp;</p>\n<p><strong>5. Perhatikan sikap para guru dan staf kepada anak-anak</strong></p>\n<p>Sikap guru dan staf PAUD juga sangat berpengaruh terhadap pembentukan karakter anak. Guru dan staf yang berkualitas adalah salah stau keunggulan yang harus dimiliki oleh prasekolah.</p>\n<p>Guru PAUD setidaknya harus memiliki latar belakang dan pengalaman yang sesuai dengan peraturan yang ada, misalnya telah menempuh pendidikan minimal SMA, memahami tahap tumbuh kembang anak usia dini, dan memiliki kemampuan seputar proses pembelajaran yang baik.</p>\n<p>Saat berada di PAUD, Anda bisa mengamati bagaimana guru dan anggota staf berinteraksi dengan anak-anak. Seorang guru yang baik haruslah bertanggung jawab, antusias, ramah, dan peduli.</p>\n<p>&nbsp;</p>\n<p><strong>6. Pertimbangkan jumlah anak dalam tiap kelas</strong></p>\n<p>Persoalan jumlah anak dalam tiap kelas juga perlu diperhatikan dalam memilih PAUD. Sebuah prasekolah sebaiknya tidak boleh memiliki lebih dari 20 anak dalam satu kelas dan satu guru untuk setiap 10 anak.</p>\n<p>Sebuah prasekolah haruslah memiliki guru dan staf yang cukup untuk memberikan perhatian dan perawatan yang dibutuhkan setiap anak.</p>\n<p>&nbsp;</p>\n<p><strong>7. Pilih lokasi yang dekat dari rumah</strong></p>\n<p>Penting untuk memastikan lokasi PAUD berada dalam jarak yang mudah diakses dari rumah dan tidak menghabiskan waktu perjalanan terlalu lama. Selain memudahkan saat mengantar dan menjemput anak, hal ini juga bertujuan agar ia tidak lelah selama perjalanan.</p>\n<p>Tak hanya itu, memilih lokasi PAUD yang dekat dari rumah juga dapat memudahkan anak untuk membangun persahabatan dengan anak-anak lain di sekitar rumah.</p>\n<p>&nbsp;</p>\n<p><strong>8. Pastikan kondisinya bersih, aman, dan terawat</strong></p>\n<p>PAUD akan menjadi rumah kedua bagi anak. Oleh karena itu, penting untuk memastikan bahwa ia berada di lingkungan yang bersih, aman, dan terawat. Jika PAUD menyediakan makanan untuk anak-anak di sekolah, sebisa mungkin pastikan bahwa makanan yang disajikan memenuhi standar kebersihan dan kesehatan.</p>\n<p>&nbsp;</p>\n<p><strong>9. Ajak anak untuk ikut survei sekolah</strong></p>\n<p>Prasekolah haruslah menjadi tempat untuk membangun minat dan ketertarikan anak untuk sekolah serta menumbuhkan semangat belajarnya. Oleh karena itu, sebelum Anda memilih PAUD, ajaklah Si Kecil untuk melakukan survei ke sekolah tersebut.</p>\n<p>Dengan begitu, Anda bisa melihat interaksi antara Si Kecil dan staf di dalamnya, apakah anak terlihat nyaman dan tertarik di lingkungan prasekolah tersebut atau justru terlihat gelisah. Memilih PAUD yang bisa membuat Si Kecil merasa senang dan nyaman juga merupakan faktor penting yang tak boleh disepelekan.</p>\n<p>Setelah itu, Anda bisa jelaskan kepada Si Kecil mengenai alasan ia perlu bersekolah dan hal-hal menyenangkan yang bisa ia lakukan di sana. Selanjutnya, ajak ia memilih perlengkapan sekolahnya sendiri, seperti&nbsp;<a href=\""https://www.alodokter.com/jangan-sampai-keliru-memilih-sepatu-anak\"" target=\""_blank\"" rel=\""noopener\"">sepatu</a>&nbsp;dan&nbsp;<a href=\""https://www.alodokter.com/tips-memilih-tas-sekolah-anak\"" target=\""_blank\"" rel=\""noopener\"">tas</a>, sehingga ia senang menyambut momen baru di kehidupan prasekolah.</p>\n<p>Hal lain yang perlu dipahami orang tua adalah PAUD seharusnya menjadi lembaga bermain yang menyenangkan bagi anak. Jika anak terlihat belum siap untuk masuk PAUD di usia kurang dari 3 tahun, sebaiknya jangan terlalu memaksakannya.</p>\n<p>Jika dipaksa, PAUD justru bisa menjadi tempat yang menakutkan bagi anak. Bahkan, sebagian anak yang tidak nyaman dengan stimulasi tertentu, seperti musik atau suara keras, lebih berisiko mogok sekolah.</p>\n<p>Dengan mengikuti langkah-langkah memilih PAUD di atas, diharapkan anak bisa memperoleh manfaat pembinaan dan pembelajaran yang baik. Jika Anda masih ragu untuk mendaftarkan Si Kecil ke PAUD atau masih bingung memilih PAUD yang sesuai kondisi dan karakter anak, Anda bisa berkonsultasi lebih dulu dengan&nbsp;<a href=\""https://www.alodokter.com/cari-rumah-sakit/pediatri/konsultasi-psikologi-anak\"" target=\""_blank\"" rel=\""noopener\"">psikolog</a>.</p>",https://res.cloudinary.com/dk0z4ums3/image/upload/v1639542623/attached_image/11-langkah-memilih-paud-yang-tepat-untuk-buah-hati-0-alodokter.jpg,2,1
"Penyebab Kencing Berbusa, dari yang Ringan sampai Serius",3,"<p><strong>Kencing berbusa yang jarang terjadi atau hanya terjadi sesekali</strong><strong>,</strong><strong>&nbsp;kemungkinan besar bukan hal yang serius. Anda perlu waspada jika&nbsp;</strong><strong>kencing berbusa</strong><strong>&nbsp;sering&nbsp;</strong><strong>terjad</strong><strong>i&nbsp;</strong><strong>atau&nbsp;</strong><strong>disertai gejala lain, seperti tubuh bengkak</strong><strong>&nbsp;dan</strong>&nbsp;<strong>kencing berdarah.</strong></p>\n<p><a href=\""https://www.alodokter.com/mari-kita-telusuri-proses-pembentukan-urine\"" target=\""_blank\"" rel=\""noopener\"">Air seni atau urine</a>&nbsp;normalnya berwarna kuning keemasan dan jernih, atau sedikit gelap. Teksturnya pun encer dan tidak bergelembung. Namun, kadang terjadi perubahan hingga kencing tampak berbusa.</p>\n<p>Ada berbagai faktor yang dapat menyebabkan perubahan tersebut, bisa karena penyakit tertentu atau karena efek samping obat-obatan.</p>\n<p>&nbsp;</p>\n<p><strong>Berbagai Penyebab Kencing Berbusa</strong></p>\n<p>Berikut adalah beberapa kondisi yang bisa menjadi penyebab kencing berbusa:</p>\n<p><strong>1. Kandung kemih penuh urine</strong></p>\n<p>Air seni yang tampak berbusa bisa jadi karena kandung kemih Anda terisi penuh dengan urine. Saat kandung kemih terlalu penuh, urine yang keluar akan lebih deras sehingga menyebabkan terbentuknya gelembung atau buih di toilet.</p>\n<p>&nbsp;</p>\n<p><strong>2. Dehidrasi</strong></p>\n<p>Terkadang, kencing berbusa pun bisa terjadi bila jumlah zat larut dalam urine seperti gula, garam, atau protein, lebih tinggi daripada air. Kondisi ini dapat terjadi jika Anda kurang&nbsp;<a href=\""https://www.alodokter.com/jangan-remehkan-manfaat-air-putih#:~:text=Anda%20disarankan%20untuk%20mengonsumsi%20air,menyusui%203%20liter%20per%20hari.\"" target=\""_blank\"" rel=\""noopener\"">minum air</a>&nbsp;atau sedang mengalami&nbsp;<a href=\""https://www.alodokter.com/dehidrasi\"" target=\""_blank\"" rel=\""noopener\"">dehidrasi</a>&nbsp;parah.</p>\n<p>&nbsp;</p>\n<p><strong>3. Mengonsumsi obat</strong></p>\n<p>Obat-obatan tertentu yang digunakan untuk mengobati&nbsp;<a href=\""https://www.alodokter.com/infeksi-saluran-kemih\"" target=\""_blank\"" rel=\""noopener\"">infeksi saluran kemih</a>, contohnya phenazopyridine, juga bisa membuat air seni tampak berbusa.</p>\n<p>&nbsp;</p>\n<p><strong>4. Ejakulasi retrogade</strong></p>\n<p>Penyebab kencing berbusa lainnya adalah ejakulasi&nbsp;<em>retrograde</em>, yaitu suatu kondisi yang terjadi pada pria ketika air mani masuk ke dalam kandung kemih, bukannya dikeluarkan melalui penis ketika ejakulasi.</p>\n<p>&nbsp;</p>\n<p><strong>5. Proteinuria atau ginjal bocor</strong></p>\n<p><a href=\""https://www.alodokter.com/cari-tahu-penyebab-dan-pengobatan-ginjal-bocor\"" target=\""_blank\"" rel=\""noopener\"">Proteinuria</a>&nbsp;atau albuminuria merupakan kondisi di mana jumlah kandungan protein dalam urine melebihi ambang batas normal. Salah satu penyebabnya adalah saat filter ginjal (glomeruli) rusak, sehingga membuat protein dalam darah bocor keluar melalui air seni.</p>\n<p>Normalnya, ginjal akan menyaring air dan limbah berlebih dari darah untuk dibuang melalui urine. Protein dan zat penting lain yang dibutuhkan oleh tubuh akan dibiarkan tinggal dalam aliran darah karena terlalu besar untuk melewati filter ginjal.</p>\n<p>Namun bila ginjal rusak, filter tersebut tidak dapat melakukan penyaringan sebagaimana mestinya, sehingga protein dapat masuk ke dalam urine.</p>\n<p>Proteinuria merupakan salah satu tanda penyakit ginjal kronis yang bisa disebabkan oleh tekanan darah tinggi atau&nbsp;<a href=\""https://www.alodokter.com/diabetes\"" target=\""_blank\"" rel=\""noopener\"">diabetes</a>&nbsp;yang tidak terkontrol,&nbsp;<a href=\""https://www.alodokter.com/endokarditis\"" target=\""_blank\"" rel=\""noopener\"">endokarditis</a>,&nbsp;<a href=\""https://www.alodokter.com/sindrom-nefrotik\"" target=\""_blank\"" rel=\""noopener\"">sindrom nefrotik</a>, dan&nbsp;<a href=\""https://www.alodokter.com/kenali-jenis-dan-cara-mencegah-radang-ginjal\"" target=\""_blank\"" rel=\""noopener\"">radang ginjal</a>.</p>\n<p>Jika Anda mengalami kencing berbusa, jangan ragu untuk berkonsultasi&nbsp;<a href=\""https://www.alodokter.com/cari-dokter/dokter-ginjal\"" target=\""_blank\"" rel=\""noopener\"">ke dokter</a>. Terutama jika kencing berbusa tidak hilang dalam beberapa hari, urine berwarna keruh dan berdarah, atau jika disertai mual, muntah-muntah, lemas, bengkak di tubuh, tidak nafsu makan, dan merasa kelelahan.</p>",https://res.cloudinary.com/dk0z4ums3/image/upload/v1591591219/attached_image/kencing-berbusa-dari-hal-sepele-hingga-serius-0-alodokter.jpg,3,1
Cara Kerja Tes PCR dalam Mendeteksi Virus dan Bakteri,3,"<p><strong>Tes PCR (<em>polymerase chain reaction</em>) adalah pemeriksaan&nbsp;</strong><strong>molekular</strong>&nbsp;<strong>yang dilakukan dengan&nbsp;</strong><strong>metode amplifikasi atau&nbsp;</strong><strong>memperbanyak materi genetik virus atau bakteri. Tes PCR sering dilakukan untuk mendeteksi keberadaan virus atau bakteri yang menyebabkan penyakit tertentu.</strong></p>\n<p>Salah satu metode pengambilan sampel untuk tes PCR adalah dengan tes usap atau&nbsp;<em>swab test</em>. Contoh penyakit yang bisa didiagnosis melalui tes PCR dengan metode pengambilan sampel dari&nbsp;<em>swab test</em>&nbsp;adalah COVID-19.</p>\n<p>Selain dengan tes usap, pengambilan sampel untuk tes PCR akan disesuaikan dengan jenis penyakit yang ingin didiagnosis. Beberapa jenis sampel yang bisa digunakan untuk tes PCR adalah sampel darah, urine, sputum, bahkan cairan serebrospinal (CSF).</p>\n<p>&nbsp;</p>\n<p><strong>Tujuan dan Indikasi Tes PCR</strong></p>\n<p>Seperti yang telah disebutkan di atas, tes PCR bisa digunakan untuk mendeteksi keberadaan materi genetik yang ada di dalam setiap makhluk hidup, termasuk virus dan bakteri. Kemampuan tes PCR dalam mendeteksi materi genetik tersebut bisa digunakan untuk mendeteksi sejumlah penyakit infeksi, seperti:</p>\n<ul>\n<li>Gonore</li>\n<li>Klamidia</li>\n<li>Penyakit Lyme</li>\n<li><a href=\""https://www.alodokter.com/batuk-rejan\"" target=\""_blank\"" rel=\""noopener\"">Pertusis</a>&nbsp;(batuk rejan)</li>\n<li>Infeksi&nbsp;<a href=\""https://www.alodokter.com/cytomegalovirus\"" target=\""_blank\"" rel=\""noopener\"">cytomegalovirus</a></li>\n<li>Infeksi<em>&nbsp;h</em><em>uman papillomavirus</em>&nbsp;(<a href=\""https://www.alodokter.com/hpv\"" target=\""_blank\"" rel=\""noopener\"">HPV</a>)</li>\n<li>Infeksi<em>&nbsp;h</em><em>uman immunodeficiency virus</em>&nbsp;(<a href=\""https://www.alodokter.com/hiv-aids\"" target=\""_blank\"" rel=\""noopener\"">HIV</a>)</li>\n<li><a href=\""https://www.alodokter.com/hepatitis-c\"" target=\""_blank\"" rel=\""noopener\"">Hepatitis C</a></li>\n<li><a href=\""https://www.alodokter.com/covid-19\"" target=\""_blank\"" rel=\""noopener\"">COVID-19</a></li>\n</ul>\n<p>&nbsp;</p>\n<p><strong>Persiapan Sebelum Melakukan Tes PCR</strong></p>\n<p>Tidak ada persiapan khusus sebelum melakukan tes PCR. Namun, pasien akan melakukan pengambilan sampel dengan metode khusus, untuk selanjutnya dikirim ke laboratorium untuk melalui proses ekstraksi, purifikasi, dan diolah oleh alat PCR.</p>\n<p>Pasien yang menjalani tes PCR perlu diberi tahu berapa lama hasil pemeriksaan ini akan keluar. Pasien dengan penyakit infeksi yang bisa menular melalui&nbsp;<em>droplet</em>&nbsp;(percikan dahak), seperti COVID-19 atau batuk rejan, wajib mematuhi protokol kesehatan yang ada selama menunggu hasil PCR.</p>\n<p>Pasien yang mengikuti tes PCR dengan pengambilan sampel usap (<em>swab test</em>) perlu diberikan pengarahan bahwa prosedur ini bisa menimbulkan rasa tidak nyaman, baik selama proses maupun sesudahnya.</p>\n<p>&nbsp;</p>\n<p><strong>Prosedur Pengambilan Sampel untuk Tes PCR</strong></p>\n<p>Salah satu metode pengambilan sampel untuk selanjutnya diperiksa dengan PCR adalah melalui tes usap (<em><a href=\""https://www.alodokter.com/mengenal-tes-pcr-untuk-mendiagnosis-covid-19\"" target=\""_blank\"" rel=\""noopener\"">swab test</a></em>). Tes usap bisa dilakukan pada hidung, saluran antara hidung dan tenggorokan (nasofaring), atau saluran antara mulut dan tenggorokan (orofaring).</p>\n<p>Berikut ini adalah tahapan&nbsp;<em>swab tes</em><em>t</em>&nbsp;yang akan dijalani oleh pasien:</p>\n<ul>\n<li>Dokter akan meminta pasien untuk melepas masker dan membuang ingus dari hidung bila ada.</li>\n<li>Dokter akan meminta pasien mendongakkan kepala untuk memudahkan proses pengambilan sampel lendir.</li>\n<li>Dokter akan memasukkan alat&nbsp;<em>swab</em>&nbsp;yang menyerupai&nbsp;<em>cotton bud</em>&nbsp;panjang ke hidung hingga ke nasofaring (bagian atas tenggorokan yang terletak di bagian belakang hidung).</li>\n<li>Dokter akan memutar atau menggerakkan alat&nbsp;<em>swab</em>&nbsp;beberapa kali (sekitar 15 detik) agar lendir di nasofaring menempel di alat&nbsp;<em>swab</em>.</li>\n<li>Setelah proses pengambilan sampel lendir selesai, dokter akan menarik alat&nbsp;<em>swab</em>&nbsp;secara perlahan dan pasien akan diminta memakai masker kembali.</li>\n</ul>\n<p>Selain dengan tes usap, sampel untuk tes PCR juga bisa diambil dari darah, urine, atau cairan serebrospinal. Hal ini akan disesuaikan dengan jenis penyakit yang ingin dideteksi melalui tes PCR.</p>\n<p>Dokter dan tim medis akan memberikan arahan dan melakukan prosedur pengambilan sampel sesuai kebutuhan pemeriksaan. Jika sampel yang dibutuhkan adalah sampel darah, akan dilakukan pengambilan darah melalui pembuluh darah menggunakan jarum khusus.</p>\n<p>Jika yang dibutuhkan adalah sampel urine, pasien akan diminta mengumpulkan urine pada tabung khusus, untuk selanjutnya dikirim ke laboratorium untuk dianalisa. Khusus untuk pengambilan sampel cairan serebrospinal, dokter akan melakukan prosedur&nbsp;<a href=\""https://www.alodokter.com/informasi-seputar-lumbal-pungsi-yang-harus-anda-ketahui\"" target=\""_blank\"" rel=\""noopener\"">lumbal pungsi</a>.</p>\n<p>&nbsp;</p>\n<p><strong>Setelah Prosedur Pengambilan Sampel untuk Tes PCR</strong></p>\n<p>Setelah proses pengambilan sampel selesai, akan dilakukan pengiriman sampel untuk selanjutnya diproses dan dibaca oleh alat PCR. Jika pengambilan sampel dilakukan dengan&nbsp;<em>swab test</em>, setelah proses pengambilan sampel lendir, dokter akan memasukkan alat&nbsp;<em>swab</em>&nbsp;ke tabung plastik, kemudian menutup rapat tabung plastik tersebut.</p>\n<p>Tabung plastik ini akan dimasukkan ke tabung khusus limbah berbahaya (<em>biohazard</em>) dan dibawa ke laboratorium untuk selanjutnya diolah dan dimasukkan ke alat PCR untuk mendapatkan hasil. Hasil tes PCR bisa diketahui dalam waktu 1&ndash;2 hari.</p>\n<p>Tes PCR melibatkan 3 proses, mulai dari pengambilan sampel, ekstraksi materi genetik dari sampel, amplifikasi atau penggandaan materi genetik, dan pembacaan hasil.&nbsp;Pada pemeriksaan ini, biasanya akan dicantumkan nilai&nbsp;<em><a href=\""https://www.alodokter.com/memahami-apa-itu-ct-value-pcr\"" target=\""_blank\"" rel=\""noopener\"">CT value</a>.</em></p>\n<p>Hasil tes PCR akan menunjukkan positif atau negatif. Hasil positif berarti pasien terkonfirmasi menderita penyakit tersebut. Sebaliknya, hasil negatif berarti pasien tidak menderita penyakit tersebut.</p>\n<p>Meski demikian, pada sebagian kasus, tes PCR bisa menampilkan hasil positif palsu atau negatif palsu. Positif palsu artinya hasil tes menunjukkan positif, padahal sebenarnya negatif. Sedangkan negatif palsu adalah kebalikannya, menunjukkan negatif padahal sebenarnya positif.</p>\n<p>Sebagai contoh, hasil positif palsu pada COVID-19 artinya seseorang yang telah menjalani tes PCR dianggap positif menderita COVID-19, padahal ia tidak terinfeksi virus SARS-CoV-2. Sebaliknya, hasil negatif palsu menyatakan seseorang yang telah menjalani tes PCR tidak menderita COVID-19, padahal justru ia terinfeksi virus SARS-CoV-2.</p>\n<p>&nbsp;</p>\n<p><strong>Efek Samping Tes PCR</strong></p>\n<p>Tes PCR aman dilakukan oleh semua orang dan tidak menimbulkan efek samping apa pun. Hanya saja, saat melakukan pengambilan sampel, bisa muncul beberapa keluhan, misalnya rasa tidak nyaman di hidung saat dokter memasukkan alat&nbsp;<em>swab</em>&nbsp;atau muncul memar dan nyeri di area suntikan saat pengambilan sampel darah.</p>\n<p>Meski begitu, jika tidak ada kondisi medis tertentu, efek samping tersebut umumnya akan segera hilang dengan sendirinya.</p>",https://res.cloudinary.com/dk0z4ums3/image/upload/v1598875084/attached_image/cara-kerja-tes-pcr-dalam-mendeteksi-virus-dan-bakteri-0-alodokter.jpg,3,1
Ini Kandungan Salep Penghilang Bekas Luka yang Ampuh,1,"<p><strong>Sebagian bekas luka memerlukan waktu yang lama untuk hilang. Namun, Anda tak perlu khawatir, karena ada salep penghilang bekas luka yang ampuh membantu menyamarkan dan menghilangkan bekas luka membandel.</strong></p>\n<p>Salep penghilang bekas luka mengandung zat yang mampu menyamarkan dan menghilangkan bekas luka. asam glikolat, asam salisilat, retinol, vitamin C, dan vitamin E. Berikut akan dijelaskan lebih lanjut mengenai cara kerja dan manfaatnya dalam menghilangkan bekas luka.</p>\n<p>&nbsp;</p>\n<p><strong>Kandungan Salep Penghilang Bekas Luka</strong></p>\n<p>Salep penghilang bekas luka yang dijual bebas atau berdasarkan resep dokter biasanya mengandung:</p>\n<p><strong>1. Asam glikolat</strong></p>\n<p>Salep penghilang bekas luka yang mengandung&nbsp;<a href=\""https://www.alodokter.com/asam-glikolat\"" target=\""_blank\"" rel=\""noopener\"">asam glikolat</a>&nbsp;mampu menghilangkan&nbsp;<a href=\""https://www.alodokter.com/10-cara-menghilangkan-bekas-luka-di-wajah\"" target=\""_blank\"" rel=\""noopener\"">bekas luka di wajah</a>, khususnya bekas luka jerawat. Asam glikolat bekerja dengan cara mengangkat sel kulit mati di permukaan kulit, sehingga regenerasi sel kulit baru bisa terjadi. Selain untuk menghilangkan bekas luka, asam glikolat juga mampu mengatasi&nbsp;<a href=\""https://www.alodokter.com/bentuk-penyakit-hiperpigmentasi-pada-kulit-ada-di-sini\"" target=\""_blank\"" rel=\""noopener\"">hiperpigmentasi kulit</a>.</p>\n<p>&nbsp;</p>\n<p><strong>2. Asam salisilat</strong></p>\n<p><a href=\""https://www.alodokter.com/asam-salisilat\"" target=\""_blank\"" rel=\""noopener\"">Asam salisilat</a>&nbsp;dapat mengatasi berbagai masalah kulit, termasuk menghilangkan bekas luka. Mengoleskan salep yang mengandung asam salisilat ke wajah juga mampu membantu mengatasi hiperpigmentasi kulit akibat paparan sinar matahari, kutil, kulit bersisik, mata ikan, dan psoriasis.</p>\n<p>&nbsp;</p>\n<p><strong>3. </strong><strong>Retinol</strong></p>\n<p>Salep yang mengandung bekas luka dapat memudarkan bekas luka dengan cara mengangkat sel kulit mati dan mempercepat regenerasi sel. Retinol juga membantu&nbsp;<a href=\""https://www.alodokter.com/menjaga-produksi-kolagen-demi-awet-muda\"" target=\""_blank\"" rel=\""noopener\"">merangsang produksi kolagen</a>, yaitu protein yang berfungsi mempertahankan elastisitas kulit.</p>\n<p>&nbsp;</p>\n<p><strong>4. Vitamin C</strong></p>\n<p>Salep yang mengandung&nbsp;<a href=\""https://www.alodokter.com/vitamin-c\"" target=\""_blank\"" rel=\""noopener\"">vitamin C</a>&nbsp;dapat meningkatkan produksi kolagen, sehingga mampu membantu menyamarkan dan menghilangkan bekas luka. Penggunaan salep atau krim yang mengandung vitamin C juga mampu meratakan warna kulit dan membuat kulit terlihat lebih cerah.</p>\n<p>&nbsp;</p>\n<p><strong>5. Vitamin E</strong></p>\n<p>Meski masih perlu diteliti lebih lanjut, salep yang mengandung&nbsp;<a href=\""https://www.alodokter.com/manfaat-vitamin-e-untuk-kulit-dan-kesuburan\"" target=\""_blank\"" rel=\""noopener\"">vitamin E</a>&nbsp;dipercaya mampu membantu menghilangkan bekas luka, termasuk&nbsp;<a href=\""https://www.alodokter.com/anda-belum-tahu-cara-menghilangkan-bekas-gigitan-nyamuk-yang-ini\"" target=\""_blank\"" rel=\""noopener\"">menghilangkan bekas gigitan nyamuk</a>. Hal ini karena vitamin E mampu mendorong pembentukan sel baru atau regenerasi sel.</p>\n<p>Selain beberapa jenis kandungan salep penghilang bekas luka di atas, ada pula salep yang&nbsp;<a href=\""https://www.alodokter.com/hydroquinone\"" target=\""_blank\"" rel=\""noopener\"">mengandung hidrokuinon</a>. Namun, sebaiknya hindari penggunaan salep hidrokuinon, khususnya di luar anjuran dokter, karena berisiko menyebabkan iritasi kulit dan membuat warna kulit menjadi kehitaman.</p>\n<p>Penggunaan salep penghilang bekas luka bisa menjadi solusi untuk memuluskan kembali kulit Anda setelah luka, meskipun mungkin memakan waktu yang cukup lama. Bila hasilnya dirasa kurang memuaskan, Anda dapat berkonsultasi ke&nbsp;<a href=\""https://www.alodokter.com/cari-dokter/dokter-kulit\"" target=\""_blank\"" rel=\""noopener\"">dokter kulit</a>&nbsp;untuk mendapatkan rekomendasi perawatan lain yang lebih sesuai.</p>",https://res.cloudinary.com/dk0z4ums3/image/upload/v1630291315/attached_image/ini-dia-kandungan-salep-penghilang-bekas-luka-yang-ampuh-0-alodokter.jpg,1,0
"9 Cara Menghilangkan Bekas Luka di Wajah
  ",1,"<p><strong>Bekas luka di wajah tentu akan mengganggu penampilan dan menurunkan rasa percaya diri. Untuk mengatasinya, ada berbagai cara menghilangkan bekas luka di wajah yang dapat Anda coba lakukan. Dengan begitu, wajah sehat dan tampak halus pun dapat Anda peroleh kembali.</strong></p>\n<p>Bekas luka di wajah bisa disebabkan oleh banyak hal, seperti jerawat, infeksi, peradangan, luka bakar, kecelakaan, cedera, atau efek pascaoperasi. Bekas luka umumnya berupa&nbsp;<a href=\""https://www.alodokter.com/berbagai-jenis-jaringan-parut-pada-kulit-dan-cara-mengatasinya.html\"" target=\""_blank\"" rel=\""noopener\"">jaringan parut</a>&nbsp;yang terbentuk sebagai bagian dari proses alami tubuh dalam memperbaiki kulit yang rusak dan menutup area yang terbuka.</p>\n<p>Meski bekas luka biasanya akan memudar dengan sendirinya dari waktu ke waktu, Anda bisa melakukan berbagai cara agar bekas luka di wajah cepat memudar atau menghilang. Pilihan cara tersebut dapat disesuaikan dengan kebutuhan dan seberapa besar ukuran bekas luka yang Anda miliki.</p>\n<p>&nbsp;</p>\n<p><strong>Pilihan Cara Menghilangkan Bekas Luka di Wajah</strong></p>\n<p>Berikut ini adalah beberapa cara menghilangkan bekas luka di wajah yang dapat Anda coba lakukan:</p>\n<p><strong>1. K</strong><strong>rim atau gel</strong></p>\n<p>Untuk menghilangkan bekas luka di wajah yang disebabkan oleh goresan benda tajam, Anda bisa menggunakan krim, gel, atau&nbsp;<a href=\""https://www.alodokter.com/ini-dia-kandungan-salep-penghilang-bekas-luka-yang-ampuh\"" target=\""_blank\"" rel=\""noopener\"">salep penghilang bekas luka</a>. Biasanya, krim yang dijual bebas memiliki kandungan&nbsp;<a href=\""https://www.alodokter.com/vitamin-e\"" target=\""_blank\"" rel=\""noopener\"">vitamin E</a>&nbsp;dan vitamin C yang dapat memudarkan bekas luka.</p>\n<p>Bila bekas luka yang muncul disertai dengan rasa gatal, cobalah konsultasikan ke dokter. Dokter biasanya akan meresepkan obat oles dengan kandungan&nbsp;<a href=\""https://www.alodokter.com/antihistamin\"" target=\""_blank\"" rel=\""noopener\"">antihistamin</a>&nbsp;untuk mengatasinya.</p>\n<p>&nbsp;</p>\n<p><strong>2. P</strong><strong>lester silikon</strong></p>\n<p>Gel atau plester silikon juga bisa digunakan untuk melembutkan, memperkecil, dan meratakan bekas luka. Selain itu, plester ini juga dapat meredakan rasa gatal dan tidak nyaman pada kulit. Namun, Anda tidak disarankan untuk menempelkan plester pada luka terbuka.</p>\n<p>Agar penggunaannya efektif dan hasilnya maksimal, plester silikon harus ditempelkan di atas bekas luka selama 12 jam sehari, dalam kurun waktu minimal 3 bulan. Plester tersebut biasanya dapat dicuci dan digunakan kembali.</p>\n<p>&nbsp;</p>\n<p><strong>3. S</strong><strong>untikan kolagen</strong></p>\n<p>Cara menghilangkan bekas luka di wajah selanjutnya adalah dengan menyuntikkan&nbsp;<a href=\""https://www.alodokter.com/menjaga-produksi-kolagen-demi-awet-muda\"" target=\""_blank\"" rel=\""noopener\"">kolagen</a>. Prosedur ini biasanya dilakukan untuk mengatasi bekas luka berlubang akibat jerawat dengan menambahkan volume pada kulit.</p>\n<p>Karena hasilnya bersifat sementara, perawatan berulang diperlukan untuk mempertahankan efeknya pada kulit wajah. Namun, sebelum Anda mendapatkan suntik kolagen, pastikan tindakan ini dilakukan oleh dokter kulit atau&nbsp;<a href=\""https://www.alodokter.com/beragam-perawatan-yang-ditangani-dokter-kecantikan\"" target=\""_blank\"" rel=\""noopener\"">dokter kecantikan</a>&nbsp;yang memang kompeten dalam bidangnya.</p>\n<p>&nbsp;</p>\n<p><strong>4. S</strong><strong>untikan kortikosteroid</strong></p>\n<p>Suntikan&nbsp;<a href=\""https://www.alodokter.com/kortikosteroid.html\"" target=\""_blank\"" rel=\""noopener\"">kortikosteroid</a>&nbsp;biasanya digunakan untuk menghilangkan bekas luka yang menonjol, seperti&nbsp;<a href=\""https://www.alodokter.com/keloid-penyebab-dan-cara-mengatasinya\"" target=\""_blank\"" rel=\""noopener\"">keloid</a>&nbsp;atau bekas luka hipertrofik di wajah.</p>\n<p>Beberapa kali suntikan diberikan pada luka untuk meratakan bekas luka dan&nbsp; mengurangi terjadinya peradangan. Prosedur ini biasanya tidak bisa menghilangkan bekas luka secara keseluruhan, tetapi bisa memperbaiki tampilan dan memperkecil ukurannya secara signifikan.</p>\n<p>&nbsp;</p>\n<p><strong>5. Operasi</strong></p>\n<p>Serangkaian prosedur pembedahan juga bisa menjadi cara menghilangkan bekas luka di wajah yang efektif. Pembedahan biasanya dilakukan dengan cangkok kulit. Dalam metode ini, ahli bedah menggunakan kulit dari area tubuh lain untuk menutup bekas luka. Biasanya, cangkok kulit dilakukan untuk kasus bekas&nbsp;<a href=\""https://www.alodokter.com/luka-bakar\"" target=\""_blank\"" rel=\""noopener\"">luka bakar</a>.</p>\n<p>Tujuannya adalah untuk menyamarkan bekas luka dan membuat bekas luka tampak lebih alami. Namun, cara ini mungkin tidak cocok bagi semua orang. Jadi, Anda harus berkonsultasi ke dokter terlebih dahulu untuk mencegah kemungkinan bekas luka semakin memburuk.</p>\n<p>&nbsp;</p>\n<p><strong>6. Terapi</strong><strong>&nbsp;laser</strong></p>\n<p>Cara mengurangi bekas luka di wajah yang kini cukup populer dilakukan adalah dengan memakai teknologi laser atau&nbsp;<a href=\""https://www.alodokter.com/pemanfaatan-gelombang-cahaya-untuk-pengobatan\"" target=\""_blank\"" rel=\""noopener\"">terapi cahaya</a>. Prosedur ini mampu menghilangkan atau mengurangi bekas luka di wajah yang kemerahan, misalnya bekas jerawat.</p>\n<p>Cara kerja laser dalam menghilangkan bekas luka, yaitu dengan menghilangkan lapisan teratas dan merangsang produksi kolagen pada lapisan kulit di bawahnya.</p>\n<p>&nbsp;</p>\n<p><strong>7. R</strong><strong>adioterapi</strong></p>\n<p><a href=\""https://www.alodokter.com/radioterapi-ini-yang-harus-anda-ketahui\"" target=\""_blank\"" rel=\""noopener\"">Radioterapi</a>&nbsp;dalam dosis kecil biasanya cukup efektif untuk mengatasi bekas luka keloid dan hipertrofi pascaoperasi sekaligus mengecilkan ukurannya. Terapi ini umumnya membutuhkan perawatan beberapa kali agar mendapatkan hasil yang maksimal.</p>\n<p>Hanya saja, penggunaan radioterapi hanya dikhususkan untuk kasus-kasus tertentu saja untuk meminimalkan risiko komplikasi dan efek jangka panjang. Ibu hamil dan ibu menyusui tidak dianjurkan untuk menjalani terapi ini.</p>\n<p>&nbsp;</p>\n<p><strong>8.<em>&nbsp;Skin needling</em></strong></p>\n<p>Tujuan dari teknik&nbsp;<em>skin needling</em>&nbsp;atau&nbsp;<em>dermaroller</em>&nbsp;adalah untuk mendorong pembentukan kolagen pada jaringan di bawah kulit wajah, sehingga bekas luka bisa tersamarkan. Teknik ini dilakukan dengan cara menusukkan atau menggosokkan alat khusus yang memiliki ratusan jarum kecil ke kulit.</p>\n<p>Metode ini biasanya aman dan efektif untuk bekas luka jerawat. Namun, hasil dari perawatan&nbsp;<em>skin needling</em>&nbsp;bisa berbeda-beda pada tiap orang dan perlu dilakukan berulang kali agar hasilnya optimal.</p>\n<p>&nbsp;</p>\n<p><strong>9. Pembalutan</strong><strong>&nbsp;luka</strong></p>\n<p>Cara menghilangkan bekas luka di wajah juga bisa dilakukan dengan membalut bekas luka dengan bahan elastis sehingga menghasilkan tekanan. Tekanan berfungsi untuk meratakan dan mengecilkan ukuran bekas luka.</p>\n<p>Biasanya, prosedur ini dilakukan pada bekas luka bakar yang besar atau setelah seseorang melakukan prosedur cangkok kulit. Prosedur ini bisa memakan waktu 6&ndash;12 bulan. Selain itu, balutan luka juga kerap dikombinasikan dengan plester silikon untuk memberikan hasil lebih optimal.</p>\n<p>Berbagai cara menghilangkan bekas luka di wajah di atas bisa menjadi pilihan Anda untuk memperbaiki tampilan kulit agar lebih percaya diri. Namun, sebelum menjalani perawatan tertentu, pastikan Anda berkonsultasi dengan&nbsp;<a href=\""https://www.alodokter.com/cari-dokter/dokter-kulit\"" target=\""_blank\"" rel=\""noopener\"">dokter</a>&nbsp;lebih dulu untuk menentukan cara yang tepat dan sesuai dengan kondisi Anda.</p>",https://res.cloudinary.com/dk0z4ums3/image/upload/v1639554204/attached_image/10-cara-menghilangkan-bekas-luka-di-wajah-0-alodokter.jpg,1,0
Homeschooling: Keuntungan dan Kerugiannya,2,"<p><strong><em>Homeschooling</em>&nbsp;merupakan metode belajar mengajar yang dilakukan di rumah. Metode ini dinilai memiliki kelebihan daripada sekolah formal. Namun, di sisi lain,&nbsp;<em>homeschooling</em>&nbsp;juga memiliki kekurangan. Oleh karena itu, pertimbangkan lagi dengan baik sebelum Anda memilih metode ini.</strong></p>\n<p>Dalam metode&nbsp;<em>homeschooling</em>, orang tua dapat menentukan sendiri sistem pengajaran yang tepat sesuai kemampuan, minat, dan gaya belajar anak.</p>\n<p>Namun, ketika memutuskan untuk menggunakan metode&nbsp;<em>homeschooling</em>, orang tua bertanggung jawab sepenuhnya atas proses pendidikan anak. Selain itu, orang tua juga bisa mendatangkan guru ke rumah.</p>\n<p>&nbsp;</p>\n<p><strong>Sistem Pendidikan&nbsp;<em>Homeschooling</em>&nbsp;di Indonesia</strong></p>\n<p>Di Indonesia,&nbsp;<em>homeschooling</em>&nbsp;sudah menjadi salah satu sistem pendidikan yang legal. Hal ini berdasarkan Peraturan Menteri Pendidikan dan Kebudayaan Republik Indonesia Nomor 129 tahun 2014.</p>\n<p>Peraturan tersebut menyebutkan bahwa sekolah rumah atau&nbsp;<em>homeschooling</em>&nbsp;adalah proses layanan pendidikan secara sadar dan terencana yang dilakukan oleh orang tua atau keluarga di rumah atau tempat dengan suasana kondusif.</p>\n<p>Orang tua yang ingin mendidik anaknya dengan cara&nbsp;<em>homeschooling</em>&nbsp;diwajibkan untuk melapor ke dinas pendidikan di tingkat kabupaten atau kota.</p>\n<p><em>Homeschooling</em>&nbsp;menjadi pilihan karena beragam alasan, seperti kondisi medis tertentu yang tidak memungkinkan anak mengikuti sekolah formal, ketidakpuasan dengan metode pendidikan yang tersedia, atau keyakinan bahwa anak tidak dapat mengembangkan minat, bakat, dan kreativitasnya di sekolah umum.</p>\n<p>Di samping beragam pendidikan formal yang sudah tersedia dalam sistem pendidikan&nbsp;<em>homeschooling</em>, sekolah Pendidikan Anak Usia Dini (<a href=\""https://www.alodokter.com/11-langkah-memilih-PAUD-yang-tepat-untuk-buah-hati\"" target=\""_blank\"" rel=\""noopener\"">PAUD</a>) pun mulai banyak yang menerapkan sistem pembelajaran&nbsp;<em>homeschooling</em>. Di mana interaksi anak dan orang tua ataupun pengasuh turut berperan penting dalam memantau kegiatan belajar anak di rumah.</p>\n<p>&nbsp;</p>\n<p><strong>Beberapa Keuntungan&nbsp;<em>Homeschooling</em>&nbsp;untuk Pendidikan Anak</strong></p>\n<p>Keuntungan yang paling utama dari metode belajar dengan sistem&nbsp;<em>homeschooling</em>&nbsp;adalah anak mendapatkan perhatian penuh dari pengajar.</p>\n<p>Ketika anak mampu mengikuti pelajaran, ia bisa terus melanjutkan belajar ke tahap selanjutnya. Namun, jika ada materi yang kurang dimengerti, ia tetap bisa meminta pendidik untuk mengulang materi hingga akhirnya ia paham.</p>\n<p><em>Homeschooling</em>&nbsp;juga memiliki sederet keuntungan lain, seperti:</p>\n<p><strong>1. Waktu belajar yang fleksibel</strong></p>\n<p>Salah satu keunggulan&nbsp;<em>homeschooling</em>&nbsp;adalah fleksibilitas waktu belajar. Orang tua, anak, dan pengajar dapat saling merundingkan kapan waktu yang tepat untuk memulai belajar dan menentukan lama waktu belajar.</p>\n<p>Selain itu, orang tua juga dapat menyesuaikan jadwal mata pelajaran yang akan dipelajari dalam satu hari.</p>\n<p>&nbsp;</p>\n<p><strong>2. Anak lebih bisa mengembangkan bakatnya</strong></p>\n<p>Orang tua dan anak bisa bersama-sama menentukan sendiri topik, jadwal, durasi, hingga cara belajar yang sesuai dengan minat, kemampuan, dan gaya belajar anak.</p>\n<p>Setiap anak memiliki bakat dan minat serta kemampuan mengolah informasi yang berbeda. Dengan&nbsp;<em>homeschooling</em>, metode belajar bisa lebih optimal untuk mengembangkan bakat anak sesuai keinginan dan kemampuannya.</p>\n<p>&nbsp;</p>\n<p><strong>3. Anak bisa mendapatkan istirahat yang cukup</strong></p>\n<p>Rutinitas sekolah formal mengharuskan anak untuk datang lebih pagi dan terkadang pulang pada sore hari. Hal ini membuat&nbsp;<a href=\""https://www.alodokter.com/pentingnya-waktu-tidur-untuk-perkembangan-bayi-dan-anak\"" target=\""_blank\"" rel=\""noopener\"">waktu istirahat anak</a>&nbsp;menjadi berkurang. Anak yang kurang tidur akan terganggu konsentrasinya dan kesulitan menyerap informasi yang disampaikan oleh guru.</p>\n<p>Dengan metode&nbsp;<em>homeschooling</em>, anak bisa mendapatkan waktu istirahat lebih lama, sehingga dapat mengikuti pelajaran yang diberikan dengan optimal.</p>\n<p>&nbsp;</p>\n<p><strong>4. Orang tua bisa mengawasi pergaulan anak</strong></p>\n<p><em>Homeschooling</em>&nbsp;juga membuat orang tua dapat terus mengawasi lingkungan pergaulan anak. Dengan demikian, anak dapat terhindar dari&nbsp;<a href=\""https://www.alodokter.com/lindungi-anak-kita-dari-bahaya-pergaulan-bebas\"" target=\""_blank\"" rel=\""noopener\"">pergaulan bebas</a>&nbsp;dan risiko mengalami&nbsp;<em><a href=\""https://www.alodokter.com/efek-bully-dan-cara-mengatasinya\"" target=\""_blank\"" rel=\""noopener\"">bully</a></em>.</p>\n<p>&nbsp;</p>\n<p><strong>5. Anak memiliki kesempatan untuk belajar di luar rumah</strong></p>\n<p>Berbeda dengan pendidikan formal yang mengharuskan muridnya belajar di sekolah,&nbsp;<em>homeschooling</em>&nbsp;memberikan peluang kepada anak untuk bisa mendapatkan ilmu pengetahuan dengan belajar di museum, perpustakaan, hingga alam terbuka.</p>\n<p>&nbsp;</p>\n<p><strong>Berbagai Kerugian&nbsp;<em>Homeschooling</em></strong></p>\n<p>Dari berbagai keuntungan yang telah disampaikan di atas, Anda juga perlu mengetahui kerugian dari program&nbsp;<em>homeschooling</em>. Berikut ini adalah beberapa kerugiannya:</p>\n<p>&nbsp;</p>\n<p><strong>Ruang lingkup anak terbatas</strong></p>\n<p>Efek utama dari&nbsp;<em>homeschooling</em>&nbsp;adalah terbatasnya ruang lingkup pergaulan dan pertemanan anak. Metode ini membuat anak hanya berinteraksi dengan pengajar dan orang tuanya.</p>\n<p>Untuk mengatasi efek sosial yang dapat terjadi pada anak&nbsp;<em>homeschooling</em>, para orang tua perlu membuat anak-anaknya tetap terhubung dengan lingkungan sebayanya. Misalnya, membuat kelompok anak-anak&nbsp;<em>homeschooling</em>&nbsp;untuk berkumpul, belajar, dan berinteraksi bersama.</p>\n<p>&nbsp;</p>\n<p><strong>Fasilitas pembelajaran yang juga terbatas</strong></p>\n<p>Anak-anak&nbsp;<em>homeschooling</em>&nbsp;biasanya tidak mendapatkan fasilitas yang mendukung proses belajar mengajar layaknya sekolah formal. Contohnya, peralatan olahraga, laboratorium dengan segala alat peraganya, atau perpustakaan. Hal ini membuat orang tua perlu menyiapkan dana lebih untuk bisa menikmati fasilitas tersebut.</p>\n<p>&nbsp;</p>\n<p><strong>Perlu usaha ekstra dari orang tua</strong></p>\n<p>Karena terlibat langsung dalam pengajaran anak, diperlukan usaha ekstra dari orang tua. Mulai dari menyiapkan bahan ajaran, memahami materi, hingga menyusun metode belajar yang menyenangkan bagi anak.</p>\n<p>Jika menggunakan bantuan tutor pun, orang tua tidak bisa lepas tangan, karena keberhasilan&nbsp;<em>homeschooling</em>&nbsp;menjadi tanggung jawab orang tua. Ini akan menjadi tantangan tersendiri jika orang tua bekerja atau memiliki anak yang lebih kecil.</p>\n<p>&nbsp;</p>\n<p><strong>Kategori Anak yang Memerlukan&nbsp;<em>Homeschooling</em></strong></p>\n<p>Orang tua lebih memilih memasukkan anaknya ke program&nbsp;<em>homeschooling</em>&nbsp;karena dipengaruhi berbagai faktor, misalnya karena anak menderita penyakit serius yang membuat aktivitasnya terbatas.</p>\n<p>Berikut ini adalah beberapa kondisi khusus anak yang memerlukan program&nbsp;<em>homeschooling</em>:</p>\n<p><strong>ADHD (<em>attention deficit hyperactivity disorder</em>)</strong></p>\n<p><a href=\""https://www.alodokter.com/adhd\"" target=\""_blank\"" rel=\""noopener\"">ADHD</a>&nbsp;merupakan kondisi di mana anak kesulitan dalam berkonsentrasi serta memiliki perilaku hiperaktif dan implusif. Gejala ini umumnya muncul ketika anak memasuki usia sekolah, sehingga ia kesulitan dalam mengikuti pelajaran.</p>\n<p>&nbsp;</p>\n<p><strong>OCD (<em>obsesif compulsive disorder</em>)</strong></p>\n<p><a href=\""https://www.alodokter.com/ocd\"" target=\""_blank\"" rel=\""noopener\"">OCD</a>&nbsp;merupakan suatu kondisi yang menyebabkan anak memiliki pikiran, perasaan, dan ketakutan yang tidak diinginkan. Anak penderita OCD biasanya kesulitan untuk berkonsentrasi pada tugas sekolah yang diberikan.</p>\n<p>&nbsp;</p>\n<p><strong>Disleksia</strong></p>\n<p><a href=\""https://www.alodokter.com/disleksia\"" target=\""_blank\"" rel=\""noopener\"">Disleksia</a>&nbsp;merupakan gangguan proses belajar yang membuat anak kesulitan dalam membaca, menulis, dan mengeja. Namun pada umumnya, anak penderita disleksia tetap memiliki tingkat kecerdasan yang normal.</p>\n<p>Satu hal yang perlu Anda perhatikan adalah&nbsp;<em>homeschooling</em>&nbsp;bukanlah jalan pintas bagi anak yang mengalami kendala selama di sekolah, misalnya masalah akademik atau menjadi korban&nbsp;<a href=\""https://www.alodokter.com/stop-bully-sekarang-juga\"" target=\""_blank\"" rel=\""noopener\"">perundungan</a>.</p>\n<p>Sebelum memutuskan&nbsp;<em>homeschooling</em>, orang tua bersama guru harus berdiskusi bersama untuk mengetahui masalah yang dihadapi dan bila perlu konsultasi dengan&nbsp;<a href=\""https://www.alodokter.com/cari-dokter/psikolog\"" target=\""_blank\"" rel=\""noopener\"">psikolog</a>, untuk menentukan metode pendidikan apa yang terbaik untuk anak.</p>",https://res.cloudinary.com/dk0z4ums3/image/upload/v1595833466/attached_image/homeschooling-keuntungan-dan-kerugiannya-0-alodokter.jpg,2,0
Ini Kegiatan Posyandu dan Manfaatnya bagi Ibu dan Anak,2,"<p><strong>Peran posyandu di tengah masyarakat sangatlah besar. Meski identik dengan bayi dan balita, kegiatan posyandu dan manfaatnya ternyata tidak hanya sebatas itu. Banyak program posyandu yang juga diperuntukkan bagi ibu hamil, ibu menyusui, dan pasangan usia subur.</strong></p>\n<p>Posyandu (pos pelayanan terpadu) merupakan upaya pemerintah untuk memudahkan masyarakat Indonesia dalam memperoleh pelayanan kesehatan ibu dan anak. Tujuan utama posyandu adalah mencegah peningkatan angka&nbsp;<a href=\""https://www.alodokter.com/kenali-penyebab-kematian-pada-ibu-terkait-kehamilan-dan-melahirkan\"" target=\""_blank\"" rel=\""noopener\"">kematian ibu</a>&nbsp;dan bayi saat kehamilan, persalinan, atau setelahnya melalui pemberdayaan masyarakat.</p>\n<p>Berbeda dengan&nbsp;<a href=\""https://www.alodokter.com/jangan-ragu-ke-puskesmas-dan-dapatkan-pelayanan-kesehatan-ini\"" target=\""_blank\"" rel=\""noopener\"">puskesmas</a>&nbsp;yang memberikan pelayanan setiap hari, posyandu hanya melayani setidaknya 1 kali dalam sebulan. Lokasi posyandu umumnya mudah dijangkau masyarakat, mulai dari lingkungan desa atau kelurahan hingga RT dan RW.</p>\n<p>&nbsp;</p>\n<p><strong>Berbagai Kegiatan Posyandu dan Manfaatnya</strong></p>\n<p>Kegiatan posyandu terdiri dari kegiatan utama dan kegiatan pengembangan. Berikut ini adalah beberapa kegiatan utama posyandu:</p>\n<p><strong>1. Program kesehatan ibu hamil</strong></p>\n<p>Pelayanan yang diberikan posyandu kepada ibu hamil mencakup pemeriksaan kehamilan dan pemantauan gizi. Tak hanya pemeriksaan, ibu hamil juga dapat melakukan konsultasi terkait persiapan persalinan dan pemberian ASI.</p>\n<p>Agar kondisi kehamilan tetap terjaga, ibu hamil juga bisa mendapatkan&nbsp;<a href=\""https://www.alodokter.com/kenapa-wanita-hamil-butuh-vaksin-tetanus\"" target=\""_blank\"" rel=\""noopener\"">vaksin TT</a>&nbsp;untuk mencegah penyakit tetanus yang masih umum terjadi di negara berkembang, seperti Indonesia.</p>\n<p>Setelah melahirkan, ibu juga bisa mendapatkan suplemen vitamin A, vitamin B, dan zat besi yang baik dikonsumsi selama masa menyusui, serta pemasangan alat kontrasepsi (KB) di posyandu.</p>\n<p>&nbsp;</p>\n<p><strong>2. Program kesehatan anak</strong></p>\n<p>Salah satu program utama posyandu adalah menyelenggarakan pemeriksaan bayi dan balita secara rutin. Hal ini penting dilakukan untuk memantau tumbuh kembang anak dan mendeteksi sejak dini bila anak mengalami gangguan tumbuh kembang.</p>\n<p>Jenis pelayanan yang diselenggarakan posyandu untuk balita mencakup&nbsp;<a href=\""https://www.alodokter.com/rutin-menimbang-berat-badan-anak-upaya-deteksi-dini-gizi-kurang\"" target=\""_blank\"" rel=\""noopener\"">penimbangan berat badan</a>, pengukuran tinggi badan dan lingkar kepala anak, evaluasi tumbuh kembang, serta penyuluhan dan konseling tumbuh kembang. Hasil pemeriksaan tersebut kemudian dicatat di dalam buku KIA atau KMS.</p>\n<p>&nbsp;</p>\n<p><strong>3. Keluarga Berencana (KB)</strong></p>\n<p>Pelayanan KB di posyandu umumnya diberikan oleh kader dalam bentuk pemberian kondom dan pil KB. Sedangkan, suntik KB hanya dapat diberikan oleh tenaga puskesmas. Apabila tersedia ruangan dan peralatan yang menunjang serta tenaga yang terlatih, posyandu juga dapat dilakukan pemasangan&nbsp;<a href=\""https://www.alodokter.com/beragam-manfaat-dan-kelebihan-kontrasepsi-iud\"" target=\""_blank\"" rel=\""noopener\"">IUD</a>&nbsp;dan&nbsp;<a href=\""https://www.alodokter.com/ingin-memakai-kb-implan-pastikan-dulu-di-sini\"" target=\""_blank\"" rel=\""noopener\"">implan</a>.</p>\n<p>&nbsp;</p>\n<p><strong>4. Imunisasi</strong></p>\n<p><a href=\""https://www.alodokter.com/daftar-imunisasi-wajib-yang-harus-didapat-si-kecil\"" target=\""_blank\"" rel=\""noopener\"">Imunisasi wajib</a>&nbsp;merupakan salah satu program pemerintah yang mengharuskan setiap anak usia di bawah 1 tahun untuk melakukan vaksinasi. Kementerian Kesehatan Republik Indonesia telah menetapkan ada 5 jenis imunisasi yang wajib diberikan, yaitu imunisasi hepatitis B, polio, BCG, campak, dan DPT-HB-HiB.</p>\n<p>Dalam hal ini, posyandu menjadi salah satu pihak yang berhak menyelenggarakan program imunisasi tersebut. Tak hanya anak, ibu hamil pun juga dapat melakukan vaksinasi di posyandu, misalnya vaksinasi tetanus, hepatitis, dan pneumokokus.</p>\n<p>&nbsp;</p>\n<p><strong>5. Pemantauan status gizi</strong></p>\n<p>Melalui kegiatan pemantauan gizi, posyandu berperan penting dalam mencegah risiko&nbsp;<a href=\""https://www.alodokter.com/bayi-lahir-stunting-faktor-penyebab-dan-risiko\"" target=\""_blank\"" rel=\""noopener\""><em>stunting</em></a>&nbsp;pada anak. Pelayanan gizi di posyandu meliputi pengukuran berat dan tinggi badan, deteksi dini gangguan pertumbuhan, penyuluhan gizi, dan pemberian suplemen.</p>\n<p>Apabila ditemukan ibu hamil dengan kondisi&nbsp;<a href=\""https://www.alodokter.com/bahaya-kekurangan-energi-kronis-pada-ibu-hamil\"" target=\""_blank\"" rel=\""noopener\"">kurang energi kronis (KEK)</a>&nbsp;atau balita yang pertumbuhannya tidak sesuai usia, kader posyandu dapat merujuk pasien ke puskesmas.</p>\n<p>&nbsp;</p>\n<p><strong>6. Pencegahan dan penanggulangan diare</strong></p>\n<p>Pencegahan diare dilakukan melalui Perilaku Hidup Bersih dan Sehat (PHBS). Sedangkan, penanganan diare dilakukan melalui pemberian oralit. Apabila diperlukan penanganan lebih lanjut, petugas kesehatan dapat memberikan suplemen&nbsp;<em>zinc</em>.</p>\n<p>Sementara itu, kegiatan pengembangan posyandu mencakup Bina Keluarga Balita (BKB), Tanaman Obat Keluarga (TOGA), Bina Keluarga Lansia (BKL), dan Pendidikan Anak Usia Dini (<a href=\""https://www.alodokter.com/11-langkah-memilih-PAUD-yang-tepat-untuk-buah-hati\"" target=\""_blank\"" rel=\""noopener\"">PAUD</a>). Kegiatan pengembangan tersebut umumnya dilakukan apabila 6 kegiatan utama telah dilaksanakan dengan baik.</p>\n<p>&nbsp;</p>\n<p><strong>Manfaat Mengikuti Kegiatan Posyandu</strong></p>\n<p>Kegiatan posyandu dan manfaatnya bisa diperoleh tanpa mengeluarkan biaya, sehingga sangat meringankan beban ekonomi masyarakat. Selain itu, posyandu juga memiliki banyak manfaat lain yang meliputi:</p>\n<ul>\n<li>Memberikan beragam informasi mengenai kesehatan ibu dan anak, seperti pemberian ASI,&nbsp;<a href=\""https://www.alodokter.com/informasi-penting-tentang-pemberian-mpasi-pada-bayi\"" target=\""_blank\"" rel=\""noopener\"">MPASI</a>, dan pencegahan penyakit</li>\n<li>Memantau tumbuh kembang anak, sehingga anak terhindar dari risiko kekurangan gizi atau gizi buruk</li>\n<li>Mendeteksi sejak dini bila terdapat kelainan pada anak, ibu hamil, dan ibu menyusui, sehingga penanganan dapat segera dilakukan</li>\n<li>Memberikan&nbsp;<a href=\""https://www.alodokter.com/imunisasi\"" target=\""_blank\"" rel=\""noopener\"">imunisasi</a>&nbsp;lengkap</li>\n</ul>\n<p>Posyandu juga dapat menjadi sarana bagi para ibu untuk menambah pengetahuan dan berbagi pengalaman tentang kesehatan ibu dan anak, baik dengan petugas kesehatan maupun dengan peserta posyandu lainnya. Dengan pengetahuan yang baik, diharapkan kualitas kesehatan ibu dan anak dapat meningkat.</p>\n<p>Kegiatan posyandu dan manfaatnya bisa semakin dirasakan jika diikuti secara rutin. Jika berminat mengikuti kegiatan posyandu, Anda bisa menanyakan jadwal pelayanannya kepada pengurus RT/RW, kader posyandu setempat, atau puskesmas di lingkungan tempat tinggal Anda.</p>",https://res.cloudinary.com/dk0z4ums3/image/upload/v1602495289/attached_image/ini-kegiatan-posyandu-dan-manfaatnya-bagi-ibu-dan-anak-0-alodokter.jpg,2,0
Mengenal Organ Reproduksi Pria dan Hormon yang Memengaruhinya,3,"<p><strong>Organ reproduksi pria merupakan sekelompok organ yang terlibat dalam sistem reproduksi</strong>&nbsp;<strong>dan&nbsp;</strong><strong>terbagi menjadi dua bagian, yakni</strong><strong>&nbsp;organ internal dan organ eksternal</strong><strong>. Dalam proses reproduksi, diperlukan&nbsp;</strong><strong>juga&nbsp;</strong><strong>hormon tertentu untuk membantu fungsi organ reproduksi pria. &nbsp;</strong></p>\n<p>Organ reproduksi pria dimiliki sejak lahir, namun kemampuan reproduksi baru akan dimulai setelah&nbsp;<a href=\""https://www.alodokter.com/waspadai-masa-pubertas-datang-lebih-awal-atau-bahkan-terlambat\"" target=\""_blank\"" rel=\""noopener\"">masa pubertas</a>, yaitu pada kisaran usia 9&shy;&shy;&ndash;15 tahun. Secara garis besar, organ reproduksi pria berfungsi untuk menghasilkan air mani dan sperma, kemudian memasukkan sperma ke dalam&nbsp;<a href=\""https://www.alodokter.com/mengenal-organ-reproduksi-wanita\"" target=\""_blank\"" rel=\""noopener\"">organ reproduksi wanita</a>&nbsp;untuk proses pembuahan.</p>\n<p>&nbsp;</p>\n<p><strong>Organ Reproduksi Pria</strong></p>\n<p>Berdasarkan letaknya, organ reproduksi pria terbagi ke dalam dua bagian, yaitu:</p>\n<p><strong>Organ eksternal</strong></p>\n<p>Organ reproduksi pria bagian luar terdiri dari tiga organ, yaitu:</p>\n<ul>\n<li>Penis, berfungsi sebagai jalan keluarnya urine dan sperma.</li>\n<li>Skrotum (kantong zakar), berfungsi sebagai sistem kontrol suhu pada testis. Suhu pada testis erat kaitannya dalam memproduksi sperma yang sehat.</li>\n<li>Testis, berfungsi untuk memproduksi sperma dan hormon testosteron (hormon utama pada pria).</li>\n</ul>\n<p>&nbsp;</p>\n<p><strong>Organ internal</strong></p>\n<p>Organ reproduksi pria bagian dalam terdiri dari beberapa organ, meliputi:</p>\n<ul>\n<li><a href=\""https://www.alodokter.com/mengenal-epididimis-dan-penyakit-yang-dapat-menyertainya\"" target=\""_blank\"" rel=\""noopener\"">Epididimis</a>, berfungsi menyimpan sel sperma yang diproduksi di testis dan mengangkut sperma yang belum matang menuju tabung&nbsp;<em>vas deferens</em>&nbsp;agar menjadi sperma matang.</li>\n<li><a href=\""https://www.alodokter.com/fungsi-kelenjar-prostat-dan-gangguan-yang-bisa-menghantuinya#:~:text=Fungsi%20utama%20kelenjar%20prostat%20adalah,dengan%20sperma%20sebagai%20air%20mani.\"" target=\""_blank\"" rel=\""noopener\"">Kelenjar prostat</a>, berkontribusi dalam memberikan cairan tambahan untuk proses ejakulasi. Cairan prostat juga membantu sperma agar tetap sehat.</li>\n<li>Kelenjar bulbouretral, berperan dalam menghasilkan cairan yang berfungsi untuk melumasi uretra dan menetralisir keasaman yang mungkin ada karena tetesan sisa urine.</li>\n<li>Vesikula seminalis, berfungsi menghasilkan cairan fruktosa yang digunakan sperma sebagai sumber energi ketika beraktivitas.</li>\n<li>Uretra, saluran yang membawa urine atau&nbsp;<a href=\""https://www.alodokter.com/kriteria-sperma-sehat-yang-penting-diketahui\"" target=\""_blank\"" rel=\""noopener\"">sperma</a>&nbsp;ke luar tubuh.</li>\n<li><em>V</em><em>as deferens</em><em>,&nbsp;</em>yaitu tabung yang berfungsi mengangkut sperma matang menuju uretra dalam persiapan untuk ejakulasi.</li>\n</ul>\n<p>Seluruh organ reproduksi pria ini berperan penting dalam setiap tahapan proses reproduksi, mulai dari&nbsp;<a href=\""https://www.alodokter.com/proses-pembuahan-apa-yang-terjadi-sebelum-hamil\"" target=\""_blank\"" rel=\""noopener\"">pembuahan</a>&nbsp;hingga terjadinya kehamilan.</p>\n<p>Saat pria atau anak laki-laki yang telah melewati masa pubertas terangsang secara seksual, tubuhnya akan mengalami ereksi. Ketika ereksi, penis akan membesar dan kaku karena pembuluh darah melebar sehingga darah yang masuk menjadi lebih banyak.</p>\n<p>Setelah&nbsp;<a href=\""https://www.alodokter.com/ketahui-informasi-tentang-ereksi-normal-di-sini\"" target=\""_blank\"" rel=\""noopener\"">pria mengalami ereksi</a>, yang kemudian diikuti dengan ejakulasi, penis akan mengeluarkan air mani bersama dengan sperma di dalamnya. Dalam tiap kali ejakulasi, volume air mani yang dikeluarkan adalah 2,5&ndash;5 mililiter. Tiap mililiter mengandung lebih dari 20 juta sperma.</p>\n<p>Setelah sperma memasuki vagina, sperma akan terus bergerak menuju leher rahim hingga sel telur untuk mencapai proses pembuahan dan akhirnya terjadi kehamilan.</p>\n<p>&nbsp;</p>\n<p><strong>Hormon Reproduksi Pria</strong></p>\n<p>Seluruh&nbsp;<a href=\""https://www.alodokter.com/memahami-sistem-reproduksi-pada-manusia\"" target=\""_blank\"" rel=\""noopener\"">sistem reproduksi</a>&nbsp;pada pria tergantung pada hormon, yaitu zat kimiawi yang mengatur aktivitas sel dan organ pada tubuh. Hormon utama yang terlibat dalam fungsi sistem reproduksi pria meliputi:</p>\n<p><strong>1. Hormon gonadotropin</strong></p>\n<p>Saat anak laki-laki memasuki masa pubertas, tubuhnya akan memproduksi lebih banyak hormon gonadotropin. Hormon ini dihasilkan oleh kelenjar hipotalamus pada otak.</p>\n<p>Kenaikan hormon gonadotropin kemudian akan merangsang produksi hormon&nbsp;<em>luteinizing hormone</em>&nbsp;dan hormon perangsang folikel (<em>follicle-stimulating hormone</em>) yang dihasilkan oleh&nbsp;<a href=\""https://www.alodokter.com/kelenjar-pituitari-master-kelenjar-yang-kendalikan-banyak-fungsi-tubuh\"" target=\""_blank\"" rel=\""noopener\"">kelenjar pituitari</a>.</p>\n<p>&nbsp;</p>\n<p><strong>2. Hormon perangsang folikel (<em>follicle-stimulating hormone</em>)</strong></p>\n<p>Hormon ini sangat penting agar organ reproduksi pria dapat menghasilkan sperma. Setiap hari produksi sperma yang dihasilkan bisa mencapai 300 juta, dengan masa pembentukan tiap sperma sekitar 65&ndash;75 hari.</p>\n<p>&nbsp;</p>\n<p><strong>3.<em>&nbsp;L</em></strong><strong><em>uteinizing hormone</em></strong></p>\n<p>Saat hormon ini dilepaskan ke dalam darah, akan terjadi produksi dan pelepasan hormon testosteron sebagai hormon utama pada pria.</p>\n<p>&nbsp;</p>\n<p><strong>4. Hormon testosteron</strong></p>\n<p>Produksi&nbsp;<a href=\""https://www.alodokter.com/Kelebihan-atau-Kekurangan-Hormon-Testosteron-Apa-Jadinya\"" target=\""_blank\"" rel=\""noopener\"">testosteron</a>&nbsp;pada masa pubertas memicu berbagai perubahan fisik, seperti pembesaran testis dan skrotum, penis yang semakin memanjang, suara yang semakin berat, serta tumbuhnya rambut di sekitar alat kelamin, wajah, dan ketiak.</p>\n<p>Sebagian remaja laki-laki juga mengalami penambahan berat dan tinggi badan yang signifikan setelah memasuki masa pubertas. Testosteron juga akan memengaruhi massa tulang dan gairah seksual.</p>\n<p>Memberikan pemahaman yang memadai kepada anak laki-laki tentang organ reproduksi pria, sebaiknya sudah dimulai sejak masa kanak-kanak hingga remaja. Hal ini dimaksudkan untuk mencegah perilaku seks yang berbahaya dan kehamilan yang tidak direncanakan, sejak dini.</p>\n<p>Jika Anda memiliki pertanyaan atau masalah pada organ reproduksi Anda, dianjurkan untuk berkonsultasi dengan&nbsp;<a href=\""https://www.alodokter.com/cari-dokter/dokter-andrologi\"" target=\""_blank\"" rel=\""noopener\"">dokter</a>.</p>",https://res.cloudinary.com/dk0z4ums3/image/upload/v1639451103/attached_image/fungsi-organ-reproduksi-pria-dan-hormon-yang-memengaruhinya-0-alodokter.jpg,3,0
Pentingnya Oximeter bagi Pasien Isolasi Mandiri COVID-19,3,"<p><strong>Belum lama ini, WHO mengimbau seluruh masyarakat, khususnya yang sedang menjalani isolasi mandiri, untuk memiliki oximeter. Alat ini digunakan untuk mengukur kadar oksigen dalam darah dan mencegah gangguan kesehatan yang dapat disebabkan oleh kurangnya oksigen di dalam tubuh.</strong></p>\n<p>Hingga kini, jumlah kasus positif COVID-19 masih terus meningkat. Berbagai institusi kesehatan, termasuk WHO, mulai menyarankan masyarakat untuk menyediakan oximeter di rumah.</p>\n<p>Oximeter (<em>pulse oximeter</em>) adalah alat pengukur kadar oksigen dalam darah. Alat ini penting untuk Anda miliki karena kondisi kurangnya oksigen dalam tubuh umumnya tidak menimbulkan gejala.</p>\n<p>Padahal, kondisi tersebut sangat berbahaya dan mengancam nyawa bila tidak segera ditangani. Oleh karena itu, penting untuk selalu memantau kadar oksigen dalam tubuh, terutama bagi seseorang yang dinyatakan positif COVID-19 dan sedang menjalani isolasi mandiri.</p>\n<p>Namun, tak hanya untuk COVID-19, alat ini juga berperan penting untuk mendeteksi kadar oksigen dalam darah yang bisa menurun akibat berbagai kondisi atau penyakit lain, seperti:</p>\n<ul>\n<li><a href=\""https://www.alodokter.com/waspada-gagal-napas-dapat-memicu-kerusakan-organ-tubuh\"" target=\""_blank\"" rel=\""noopener\"">Gagal napas</a></li>\n<li>Asma</li>\n<li>Pneumonia</li>\n<li>Penyakit Paru Obstruktif Kronis (PPOK)</li>\n<li>Gagal jantung</li>\n<li>Anemia</li>\n<li><a href=\""https://www.alodokter.com/asfiksia-dapat-berakibat-fatal-waspadai-penyebabnya\"" target=\""_blank\"" rel=\""noopener\"">Asfiksia</a></li>\n</ul>\n<p>&nbsp;</p>\n<p><strong>Cara Menggunakan Oximeter</strong></p>\n<p>Alat ini umumnya berbentuk klip yang digunakan dengan cara dijepitkan di jari tangan. Setelah terpasang, sensor pada alat oximeter akan mengevaluasi jumlah&nbsp;<a href=\""https://www.alodokter.com/memahami-fungsi-hemoglobin-dan-kadar-normalnya-dalam-tubuh\"" target=\""_blank\"" rel=\""noopener\"">hemoglobin</a>&nbsp;atau zat di dalam sel darah merah yang bertugas untuk mengangkut oksigen ke seluruh tubuh.</p>\n<p>Alat oximeter dilengkapi dengan layar monitor kecil. Pada layar monitor tersebut, akan ditampilkan hasil pengukuran kadar oksigen dalam darah.</p>\n<p>Berikut ini adalah beberapa tips dan cara menggunakan oximeter dengan baik dan benar:</p>\n<ul>\n<li>Cuci tangan sebelum dan sesudah menggunakan oximeter.</li>\n<li>Pastikan kuku dalam kondisi bersih, tidak panjang, dan hindari penggunaan cat kuku berwarna gelap atau kuku palsu.</li>\n<li>Hangatkan jari tangan, terutama jika jari terasa dingin.</li>\n<li>Nyalakan oximeter dan posisikan jari, baik jari telunjuk, jari tengah, atau ibu jari, di antara capit oximeter.</li>\n<li>Setelah oximeter terpasang, diam dan tunggu selama beberapa detik hingga alat berhasil mengukur kadar oksigen dalam darah.</li>\n</ul>\n<p>Pada layar oximeter, tertera dua angka dengan arti yang berbeda. Angka yang ditandai dengan %SpO2 menunjukkan&nbsp;<a href=\""https://www.alodokter.com/mengetahui-nilai-saturasi-oksigen-dan-cara-meningkatkannya\"" target=\""_blank\"" rel=\""noopener\"">saturasi oksigen</a>&nbsp;dalam darah, sedangkan angka yang tertera sebagai huruf HR (<em>heart rate</em>) menunjukkan jumlah denyut nadi atau detak jantung Anda.</p>\n<p>Saturasi oksigen dikatakan normal apabila nilai saturasi oksigen (%SpO2) berada di angka 95% atau lebih. Sementara itu, seseorang dikatakan mengalami kekurangan oksigen atau&nbsp;<a href=\""https://www.alodokter.com/penyebab-hipoksemia-dan-cara-mengukurnya\"" target=\""_blank\"" rel=\""noopener\"">hipoksemia</a>&nbsp;jika nilai saturasi oksigennya turun hingga kurang dari 92%. Kondisi ini perlu segera mendapatkan penanganan dari dokter.</p>\n<p>&nbsp;</p>\n<p><strong>Pentingnya Memiliki Oximeter Saat Isolasi Mandiri</strong></p>\n<p>Kadar saturasi oksigen dalam darah hanya bisa ditentukan melalui dua cara, yaitu dengan alat oximeter dan pemeriksaan penunjang berupa&nbsp;<a href=\""https://www.alodokter.com/analisa-gas-darah-dan-hal-hal-penting-yang-ada-di-dalamnya\"" target=\""_blank\"" rel=\""noopener\"">analisa gas darah</a>. Sayangnya, pemeriksaan penunjang tersebut tidak praktis dan hanya bisa dilakukan di laboratorium klinik atau rumah sakit.</p>\n<p>Oleh karena itu, WHO mengimbau agar pasien COVID-19 atau orang yang sedang menjalani&nbsp;<a href=\""https://www.alodokter.com/bantu-cegah-penyebaran-covid-19-inilah-protokol-isolasi-mandiri-yang-perlu-diterapkan\"" target=\""_blank\"" rel=\""noopener\"">isolasi mandiri</a>&nbsp;untuk memiliki oximeter. Hal ini dikarenakan sebagian pasien COVID-19 bisa mengalami&nbsp;<a href=\""https://www.alodokter.com/mengenal-happy-hypoxia-pada-penyakit-covid-19\"" target=\""_blank\"" rel=\""noopener\""><em>happy hypoxia</em></a>&nbsp;atau&nbsp;<em>silent hypoxia</em>, yaitu kondisi menurunnya saturasi oksigen dalam darah tanpa disertai gejala.</p>\n<p>Jika tidak mendapatkan penanganan, kondisi penurunan kadar oksigen tersebut bisa menyebabkan kerusakan jaringan dan organ tubuh, bahkan menimbulkan komplikasi fatal, seperti gagal napas dan kematian mendadak.</p>\n<p>Dengan rutin melakukan pemeriksaan kadar oksigen dalam darah, Anda bisa memonitor apakah tubuh Anda mendapatkan oksigen yang cukup dan bisa segera ke dokter bila mengalami kekurangan oksigen.</p>\n<p>Semakin cepat penanganan dilakukan, semakin rendah risiko terjadinya komplikasi berbahaya atau gejala COVID-19 yang berat. Oleh karena itu, oximeter merupakan alat yang penting untuk dimiliki, terutama jika Anda merupakan pasien COVID-19 dan sedang menjalani isolasi mandiri di rumah.</p>\n<p>Jika Anda mengalami gejala menurunnya kadar oksigen dalam darah, seperti sesak napas, lemas, kulit pucat, serta kuku dan bibir tampak kebiruan, segera hubungi&nbsp;<a href=\""https://www.alodokter.com/cari-dokter/dokter-umum\"" target=\""_blank\"" rel=\""noopener\"">dokter</a>&nbsp;atau fasilitas kesehatan terdekat untuk mendapatkan penanganan.</p>\n<p>Pastikan Anda selalu memantau kadar oksigen dalam darah, karena penurunan saturasi oksigen bisa terjadi secara tiba-tiba tanpa disertai gejala yang jelas. Oleh karena itu, sediakan oximeter di rumah dan jangan lupa selalu terapkan&nbsp;<a href=\""https://corona.alodokter.com/e-book-covid-19/pencegahan\"" target=\""_blank\"" rel=\""noopener\"">protokol</a>&nbsp;kesehatan di mana pun Anda berada.</p>",https://res.cloudinary.com/dk0z4ums3/image/upload/v1612772979/attached_image/pentingnya-oximeter-bagi-pasien-isolasi-mandiri-covid-19-0-alodokter.jpg,3,0
